-1.26408,2.29481,1
-1.10595,-0.0607836,1
-2.05016,1.47357,1
0.565898,1.03321,1
2.46006,-1.31074,1
-1.72834,-1.136,1
0.491732,0.707996,1
-2.15036,-0.843146,1
1.44099,-1.20505,1
0.598541,2.09598,1
-1.50063,1.10192,1
-0.67509,-1.66499,1
1.71232,0.34361,1
-0.540884,-0.311347,1
-1.1024,1.24505,1
2.02291,-1.04074,1
0.738884,0.781288,1
-1.20877,1.86593,1
-1.77338,-0.978057,1
-1.85431,-0.961252,1
1.76713,-1.42824,1
0.153832,0.704331,1
-1.72308,2.13195,1
0.592251,0.300739,1
-1.07302,1.43598,1
2.1058,0.06186,1
-0.579845,-1.42927,1
1.65673,1.45457,1
2.41534,0.395956,1
-1.23142,-1.60948,1
-0.952556,-0.420511,1
1.87556,-0.8054,1
-0.431815,-1.29266,1
1.59408,-1.49905,1
-0.856997,-0.897113,1
0.937889,1.35214,1
-0.0775805,-1.24151,1
0.602055,1.04767,1
-1.31876,2.35368,1
1.19583,0.767912,1
-1.69108,0.169571,1
-1.04181,-0.843124,1
1.56251,-1.55649,1
-0.456288,0.0475293,1
0.933551,1.31006,1
-0.58097,-0.800009,1
-0.98691,-1.26934,1
-2.234,1.49857,1
-2.35552,1.58628,1
1.64345,0.0289385,1
1.62701,1.73982,1
-1.44914,-1.34133,1
-0.371814,-1.22746,1
-1.8545,-1.76407,1
-0.281644,1.97079,1
-0.36114,0.0237309,1
0.703846,-2.23643,1
0.982601,1.09193,1
-0.389637,-1.49612,1
0.284372,-1.18318,1
1.45991,0.117891,1
0.776041,0.0214976,1
-0.537649,-1.0445,1
1.20341,1.80154,1
-0.504611,0.88139,1
1.48481,-1.56637,1
1.0998,1.35998,1
-0.594653,-1.98255,1
-0.246092,-0.922908,1
1.91857,-0.912146,1
-0.158318,1.53149,1
-2.24917,0.0922534,1
1.43514,-0.899689,1
-2.03895,1.43272,1
-0.27201,-0.320563,1
-1.62295,-0.229916,1
-0.860519,-0.215711,1
-0.142817,0.886817,1
-1.70613,-0.883814,1
1.27179,1.86805,1
1.10355,-1.63748,1
-1.01994,0.461894,1
-1.5763,1.45137,1
-1.8221,1.36359,1
1.33998,1.25578,1
1.41968,-1.29265,1
0.571487,1.17373,1
1.61291,-0.508198,1
1.31899,0.151048,1
0.630925,1.56715,1
1.46734,-1.72939,1
1.32352,1.06543,1
0.613161,1.90732,1
-0.343412,-1.78871,1
1.85383,1.31559,1
1.18113,-0.428571,1
0.268988,0.740976,1
0.105632,-0.20539,1
0.80401,-3.02045,1
0.953614,1.88661,1
0.591539,0.850432,1
0.876116,-0.659988,1
1.12049,-0.959023,1
-0.0368553,-0.815144,1
0.843065,0.302608,1
0.0720968,-1.60598,1
2.14775,-1.12007,1
0.789376,-2.83513,1
0.67254,1.08492,1
0.795792,0.443916,1
-1.27047,0.548414,1
-2.07835,1.69628,1
0.88727,-1.75446,1
1.69307,-0.544941,1
0.201124,1.0618,1
-0.488045,-0.478444,1
1.60401,0.26577,1
2.01843,-1.67575,1
-1.37537,-0.826655,1
0.523533,1.16061,1
1.36752,1.5646,1
1.13501,1.61109,1
-1.20152,0.340318,1
1.65788,-2.99681,1
1.31512,-0.942428,1
0.99557,-1.23792,1
0.557433,1.00345,1
0.996799,0.783994,1
-0.674897,-1.78612,1
2.03537,1.06017,1
0.92376,-0.484232,1
0.0566025,-1.86835,1
0.446279,-2.45596,1
1.18396,-0.508488,1
-0.837258,-2.28409,1
0.925178,1.41569,1
1.42633,-1.94855,1
-1.53681,-1.31017,1
-0.99744,-1.7279,1
-1.77056,0.621498,1
0.655424,-0.0678664,1
1.43123,0.103455,1
-1.17231,-1.87915,1
-1.55133,1.21095,1
0.782576,-0.19356,1
-0.68567,0.688926,1
-1.7573,-1.56165,1
-0.364966,-0.353419,1
0.605425,1.99449,1
-0.700606,-0.701574,1
-0.143284,0.0751817,1
2.15377,-1.94684,1
2.11977,0.499318,1
1.07928,-0.149373,1
-1.11644,-0.896604,1
-0.963748,-1.68937,1
-0.586186,1.86971,1
-1.12302,0.862003,1
-0.779056,-1.42064,1
1.39835,-0.896876,1
0.87782,-1.47902,1
1.45481,-2.15729,1
-0.534826,-2.24204,1
1.13423,-1.79465,1
1.14632,1.42468,1
0.248812,1.59275,1
-1.08587,-0.73942,1
-0.652913,-1.73941,1
0.29819,-0.289424,1
-1.06223,1.72363,1
1.69492,0.823795,1
-0.497507,-0.931698,1
-1.50536,-1.28321,1
1.63852,1.05773,1
-1.10255,-2.24956,1
-1.91163,0.0136606,1
0.293593,1.6777,1
0.157668,-0.804509,1
-1.55896,1.76043,1
-1.71168,-1.56954,1
-0.775172,0.622191,1
-1.59095,1.92918,1
-2.84796,-0.470471,1
-1.52053,-0.809932,1
0.475444,1.27179,1
-1.36768,0.606359,1
-0.940404,0.473348,1
-1.42692,-0.50683,1
-1.50683,-0.973808,1
1.58875,-1.21053,1
0.881652,0.462092,1
1.18802,0.670772,1
0.427387,-2.2556,1
0.0831356,-1.36632,1
2.04999,-0.992463,1
0.65185,2.92452,1
1.74502,1.28298,1
-0.918277,-1.535,1
1.18524,-0.69036,1
0.407516,-1.78515,1
-0.156924,-1.60626,1
0.312452,-2.70564,1
-1.52378,1.50809,1
-0.895106,-2.02085,1
-1.30595,-0.358377,1
-2.59665,0.684335,1
1.72108,-0.223442,1
0.771134,0.316686,1
1.34577,0.773863,1
1.15862,-1.93126,1
0.888764,-2.0453,1
-1.0162,-0.292611,1
-1.16999,2.08939,1
1.969,1.42599,1
-0.660909,0.341213,1
0.853382,-0.955756,1
-1.97573,-0.594485,1
-1.26755,-0.741044,1
-1.85503,2.15905,1
-1.43873,0.195541,1
1.38277,-0.906928,1
1.25875,-1.37399,1
1.70293,1.70491,1
-0.630089,2.38072,1
-0.699192,-1.26502,1
-0.595197,-0.250431,1
-0.175038,2.32946,1
1.3826,-0.433361,1
-1.27838,-2.04914,1
0.211979,-1.86439,1
0.377402,-0.0109038,1
-1.76021,-0.822294,1
1.62265,0.617687,1
1.06097,1.22337,1
-1.14116,-0.807387,1
1.61076,0.619887,1
-0.212966,2.98704,1
-1.75765,-2.19306,1
-0.186933,-0.622983,1
0.151772,-2.24765,1
0.856302,-1.66767,1
0.967403,0.660972,1
1.30137,-0.495454,1
1.04284,1.76421,1
1.2111,-0.970093,1
-1.65118,-0.630913,1
0.628731,-0.964868,1
0.642469,-0.113322,1
-0.0458995,-0.819047,1
0.116306,-0.919892,1
-1.2954,-0.615461,1
0.638016,-0.982454,1
1.51846,-0.58489,1
-0.907027,-0.664405,1
-0.822498,-1.47983,1
1.34281,2.07911,1
1.08655,1.1238,1
-1.05748,0.252694,1
-0.294183,-2.23038,1
1.36592,-1.70279,1
0.810479,0.380785,1
-0.861375,0.909322,1
-0.716818,-0.470926,1
-1.15293,-0.474537,1
1.74771,1.78314,1
1.29547,-0.240335,1
1.18397,-0.484647,1
-1.00734,0.683479,1
-1.29569,-0.969341,1
-1.21685,-0.939669,1
-0.589361,-0.904466,1
-0.889262,1.07277,1
0.725505,-1.05805,1
-0.885863,-0.613202,1
-1.99801,0.847017,1
1.23558,1.23356,1
-0.747858,1.13244,1
-2.27555,-1.18464,1
2.52599,-2.47333,1
-0.283578,1.16772,1
-1.4065,1.00164,1
-0.115684,-1.26257,1
1.25562,-0.594192,1
-0.833219,-0.762842,1
1.33103,1.06747,1
1.66329,0.650949,1
-2.4225,0.542277,1
0.110624,0.573412,1
-0.862532,0.699956,1
-1.51769,0.941472,1
1.2704,0.754436,1
-0.465031,1.61299,1
1.08563,-0.26309,1
-0.200233,-1.49434,1
0.646033,-0.185359,1
0.497701,-1.45297,1
1.01567,0.409545,1
-1.07779,2.11246,1
2.42321,2.06359,1
-1.48472,-0.527599,1
1.50909,-1.58816,1
0.646224,1.27751,1
0.469114,-1.52576,1
-2.17897,1.02412,1
-1.92841,-1.02174,1
0.373545,0.933819,1
0.834666,1.29744,1
0.140744,1.47615,1
1.88767,-2.67866,1
1.74007,1.16446,1
-1.51846,-1.30167,1
-0.728196,0.928727,1
-1.79797,-1.47977,1
-1.85407,-0.597702,1
2.09533,1.18943,1
0.868336,-1.59511,1
1.01246,0.62796,1
-1.29032,-1.81635,1
0.932829,0.925489,1
-1.20339,0.783149,1
1.74959,-2.1715,1
1.70952,-1.31643,1
-1.82398,-0.0269955,1
0.635743,1.34206,1
-1.01284,-1.81185,1
2.06096,-0.860106,1
1.24273,-1.2809,1
-1.23296,-0.201659,1
-1.73929,1.42603,1
1.56201,-2.33644,1
0.0912255,-0.909538,1
-0.74319,-1.28506,1
0.529716,2.25562,1
-1.34603,1.85747,1
0.571535,1.30756,1
2.11631,2.0137,1
-0.284882,-3.11767,1
0.611358,-1.28064,1
-1.10301,1.31899,1
-1.68172,0.162829,1
2.29917,1.99094,1
1.74544,-0.283807,1
-0.179673,-1.49043,1
-1.712,-0.114253,1
-0.864815,-0.164196,1
0.211966,0.324692,1
-1.33821,0.0888078,1
1.79924,1.28177,1
0.26508,0.159906,1
-2.09911,1.84823,1
-1.02826,-0.786324,1
-0.557881,0.895018,1
1.38653,0.757488,1
1.49032,1.23021,1
1.21243,-1.23722,1
0.615313,1.13267,1
-0.856373,0.624888,1
1.35415,0.977776,1
-0.738803,0.544993,1
-1.77179,1.94608,1
0.54847,1.53689,1
0.230334,0.196887,1
-0.336415,1.0575,1
-1.88708,2.29289,1
-0.741646,0.399785,1
-2.58635,1.63688,1
1.12475,-0.702048,1
-0.105557,1.18679,1
2.24916,-0.93185,1
-0.944084,-2.00073,1
-0.423511,-0.781495,1
-0.614092,-1.56553,1
0.589982,1.17447,1
-2.38157,0.988245,1
-0.497645,-1.01187,1
0.129084,-1.43017,1
-1.51104,-0.179341,1
1.6791,0.141145,1
1.21296,0.362392,1
2.21278,-1.35652,1
1.42303,0.420583,1
-0.638842,-2.79486,1
0.400792,0.280522,1
1.82001,0.96492,1
-0.861112,-1.36152,1
-0.921287,0.8654,1
1.28566,-0.75616,1
1.63485,-1.11549,1
-0.904715,-1.4517,1
0.497706,1.14592,1
-1.05295,-1.89427,1
1.85985,1.44587,1
1.57441,-0.659827,1
0.378159,-0.807006,1
3.16163,-1.15173,1
0.832499,0.874834,1
-1.25432,-1.52142,1
1.36443,-1.53235,1
-2.13133,-0.00707242,1
-0.76038,1.32514,1
0.102969,1.72994,1
0.785193,0.468982,1
1.91313,1.42493,1
-0.917509,-0.765736,1
-1.42689,1.64694,1
-0.435271,-1.6415,1
1.46881,1.01872,1
2.51556,-0.642063,1
1.0736,1.1877,1
-1.07005,1.09147,1
0.224229,-1.53702,1
-1.46161,0.470195,1
-1.69099,0.983603,1
-1.62647,-0.64304,1
-0.763969,-2.53831,1
0.0258073,0.526468,1
-0.917356,1.59131,1
1.3708,-0.15733,1
0.295707,-2.1588,1
-1.19879,-0.477993,1
0.60699,0.670389,1
0.937599,-2.35833,1
-0.645668,1.90483,1
-0.50351,0.0792591,1
-0.312391,1.65811,1
2.42799,0.718368,1
1.78348,0.644749,1
0.50773,-2.89609,1
-1.05671,-2.70775,1
-0.270867,-2.46805,1
1.32381,-2.74214,1
0.970178,-1.04193,1
1.61914,-0.349046,1
1.33204,0.52018,1
1.09519,-0.0326645,1
0.682538,-0.196591,1
0.714981,0.0178344,1
-0.721399,0.0901424,1
1.72448,2.14963,1
0.859014,-1.09476,1
-1.809,-1.04928,1
-0.109003,-0.232168,1
-1.18249,1.42466,1
-0.396267,0.616094,1
-2.06179,1.31566,1
1.06369,1.15619,1
-0.909095,-2.32434,1
-0.581681,1.33586,1
1.09842,2.35747,1
-1.20037,1.87193,1
-0.106684,1.79453,1
1.75147,1.53483,1
-0.848034,-1.49457,1
-0.744739,-1.82222,1
1.85421,-1.34647,1
1.10147,0.245172,1
1.09565,1.04607,1
1.23223,1.60206,1
0.740928,1.29305,1
-0.546872,1.15138,1
0.140432,-0.90644,1
-2.05486,0.709516,1
-0.640674,-0.384336,1
-0.174227,0.175599,1
0.44854,0.188359,1
-0.877809,-2.38037,1
0.679437,-0.0264863,1
-1.34008,-1.14644,1
-1.69709,0.409609,1
0.740954,0.969401,1
-0.964799,1.955,1
-0.165697,-2.18014,1
0.288329,-0.860619,1
0.67295,-1.33675,1
1.50993,-0.598299,1
-1.78301,0.763699,1
1.39307,0.0988018,1
-0.300363,-0.179625,1
1.2091,1.02846,1
0.379089,0.279262,1
1.01437,-0.00312517,1
-0.49258,-0.398195,1
0.623017,-0.202908,1
-0.719549,-1.01155,1
-1.24774,2.44008,1
1.57131,0.0976911,1
0.781408,-1.41929,1
0.426365,0.41809,1
0.390546,0.700156,1
-2.60805,1.00154,1
0.332261,-0.0608903,1
-2.01219,0.589058,1
-0.832764,0.025375,1
-0.356839,-1.20497,1
-1.60215,-0.678713,1
0.397585,1.18004,1
-1.55704,1.49492,1
-1.50825,0.849175,1
1.46903,1.21025,1
1.05231,1.02634,1
1.17357,1.77978,1
-1.66146,1.83274,1
-0.924231,-0.774084,1
-0.771178,-1.05598,1
0.652298,-0.774799,1
0.532705,2.19617,1
-0.957675,0.640714,1
1.93203,0.662966,1
-0.71488,1.10391,1
-0.0741812,-0.970054,1
-0.2105,0.0542014,1
-1.37263,0.0381236,1
-1.28395,0.843853,1
1.3453,-0.351562,1
1.27376,0.461862,1
-0.882078,0.531535,1
-0.74297,-1.37962,1
2.0898,-1.03092,1
-1.61366,0.866098,1
2.50257,-0.243634,1
1.33342,0.470446,1
-0.559999,0.878621,1
0.0101481,0.265436,1
-1.35166,-0.990625,1
0.702791,0.994213,1
0.207638,-0.242952,1
-0.763489,-1.2582,1
0.908768,1.91047,1
-1.00658,1.60786,1
-0.530895,0.0795615,1
1.69605,0.880869,1
1.17728,-0.51828,1
0.0683706,-1.13271,1
0.112578,-1.23115,1
-1.27814,1.11123,1
-0.445085,1.30104,1
-0.183555,-0.90584,1
-1.13145,-0.786284,1
1.20731,-1.7331,1
-0.592058,-1.23819,1
-2.00805,1.03154,1
0.898224,1.20573,1
1.49153,-2.17187,1
0.174633,-1.02299,1
-0.287275,-1.83014,1
-2.18195,0.363122,1
-2.47533,2.64175,1
-0.969593,0.126366,1
0.183772,0.34115,1
1.56889,2.13166,1
-1.17275,0.178772,1
1.1791,-1.45277,1
0.598628,-0.377516,1
-0.345256,1.20106,1
-2.42293,1.36828,1
-2.54971,-1.09698,1
0.275596,-1.81064,1
2.01122,-0.382777,1
0.303372,2.00452,1
-0.508158,-0.830526,1
2.13091,0.570762,1
1.21822,0.92074,1
-0.82092,-0.0596893,1
0.348718,-1.46349,1
0.814668,-0.350333,1
-0.936859,1.52034,1
-1.23023,0.35278,1
-1.58837,0.127113,1
3.12881,1.2611,1
0.865056,0.511692,1
-0.189283,-0.121057,1
-0.29722,0.711395,1
1.38434,0.435734,1
1.79012,-0.174067,1
1.97287,-0.513339,1
-0.0555747,1.65232,1
0.570171,2.46433,1
-0.217133,-1.2912,1
-1.32068,-0.830346,1
1.12472,0.0370501,1
0.843246,0.405483,1
1.19315,0.0256405,1
1.8221,0.732175,1
0.0383982,-2.4497,1
1.46593,-0.864484,1
-0.452918,0.284568,1
0.752453,0.528118,1
0.980713,0.795072,1
-2.27017,-0.917676,1
0.506315,-0.0926158,1
0.176135,0.718187,1
-1.04088,-1.15001,1
0.709517,3.29677,1
-0.95842,-0.234136,1
0.580399,1.09842,1
-1.31717,0.910495,1
-1.90674,-0.0277928,1
-0.807967,-2.12735,1
1.18411,0.4477,1
-0.296531,0.200431,1
-1.34584,-0.534287,1
-0.366222,-1.79772,1
0.921337,0.670499,1
-0.600176,-0.638024,1
1.36628,-0.491586,1
2.02256,0.837314,1
0.400325,-1.6455,1
2.19931,-1.65658,1
0.464927,1.08387,1
-1.03168,1.21705,1
2.29888,0.677994,1
-0.813262,2.20293,1
0.402533,-1.26263,1
-0.75926,1.43504,1
1.01848,-0.257532,1
-0.599872,0.762823,1
-1.31393,-1.05808,1
-2.27368,0.162609,1
1.27876,-1.69394,1
0.659421,-0.920359,1
0.772974,-1.33964,1
-1.60089,-1.12256,1
-0.979895,-0.637938,1
-0.752053,-1.51581,1
-1.24993,-1.8226,1
-0.355928,1.72705,1
0.476391,-0.622514,1
-1.56224,0.301114,1
-0.494355,-0.993633,1
0.859509,0.856479,1
1.66021,2.29851,1
-1.36295,-0.426923,1
0.0806313,-3.43435,1
-0.389885,-0.392724,1
1.06,-1.23271,1
1.15739,-0.937789,1
-1.63774,1.89481,1
1.20991,-1.43539,1
-0.52199,-0.952572,1
-0.58072,0.37687,1
0.644458,-1.2688,1
0.522438,-1.63795,1
-0.454989,0.895342,1
-0.673421,-1.31597,1
-0.45765,1.5857,1
1.36145,1.89107,1
0.0195576,-1.75092,1
0.233037,0.881664,1
1.12039,-0.295745,1
0.385513,-1.30399,1
0.487119,-1.40961,1
1.19457,-0.8362,1
-0.326153,0.380846,1
-0.298815,0.775514,1
-1.07127,2.38309,1
-0.113729,-0.498812,1
-0.772808,0.934528,1
1.39166,1.02781,1
-1.15856,0.752292,1
1.89603,-1.65784,1
1.7424,1.78399,1
0.0755476,-1.40044,1
-0.953618,1.25928,1
0.734783,0.580121,1
-0.90751,0.610096,1
-2.49175,-1.93741,1
-1.53398,1.29481,1
-0.643393,-1.79917,1
0.268476,0.878181,1
1.70876,1.82305,1
1.12245,2.045,1
-0.989761,1.61672,1
-1.39992,1.78781,1
1.04827,-1.49898,1
-0.578865,-1.18373,1
0.410611,0.579706,1
1.03479,-0.391561,1
-1.86596,-0.598733,1
-1.48057,0.737587,1
0.570839,-1.52819,1
-0.792589,1.49207,1
0.869138,0.669172,1
-1.25685,1.6677,1
2.33977,-0.674364,1
-0.67924,-0.109959,1
-1.11355,0.214737,1
-0.226199,0.705205,1
1.54294,-2.21258,1
-1.77627,0.601137,1
-0.0817166,0.724084,1
0.317772,1.89833,1
1.83551,1.09426,1
-1.12445,-1.8924,1
1.08327,-0.871849,1
-0.0705641,-1.79985,1
0.780445,-0.441222,1
1.12675,-1.42855,1
-0.123414,1.9581,1
-0.82678,-0.45465,1
0.0228042,-1.39001,1
-1.44653,-0.943985,1
-0.949555,-0.367368,1
-0.0981595,1.0978,1
-0.717729,0.583453,1
-0.345698,-1.50815,1
-0.971752,-1.94612,1
1.08127,-0.440213,1
1.13016,-1.15542,1
1.62418,0.734413,1
-1.20959,0.362217,1
-2.11635,-0.665344,1
-1.82919,-0.745847,1
-0.306345,-0.0150131,1
1.09466,-0.0603083,1
-0.205106,-0.858708,1
2.38809,1.44797,1
1.07068,-0.901875,1
-0.110264,-0.744945,1
-1.20915,0.381723,1
-1.58237,-1.66496,1
0.974379,2.28705,1
0.735716,1.19828,1
-1.40111,-0.052385,1
0.410471,-1.72892,1
1.02485,1.21794,1
-0.954524,-1.76748,1
2.10867,1.71472,1
-2.906,1.9994,1
-0.949978,-0.492413,1
1.64739,1.74075,1
-1.1575,0.895212,1
-0.966082,0.591591,1
-2.0368,2.17822,1
-0.858512,1.23194,1
1.40737,0.0448343,1
1.28728,-1.66868,1
-1.43828,1.13993,1
-1.70541,-0.575579,1
-0.811497,-0.36073,1
-0.589816,-1.31473,1
-0.785263,-0.795969,1
0.91524,-0.744916,1
-2.09205,-1.25935,1
1.66261,1.4552,1
2.74098,-1.84534,1
1.07729,2.35353,1
2.16736,0.606846,1
-0.0696768,-0.826089,1
-0.0550539,-0.913707,1
-1.13877,-0.557209,1
-1.07177,-2.59266,1
-0.700482,-0.975839,1
-1.45134,-0.109045,1
0.845921,0.0301494,1
-1.76336,-1.31815,1
-0.860164,0.36667,1
-0.864365,1.01758,1
0.905141,1.30602,1
-1.52275,-1.74039,1
-0.394978,-0.753533,1
-0.425462,1.51891,1
-1.46138,1.33368,1
-1.29141,-1.37198,1
1.00504,-0.879169,1
-0.405435,0.0784455,1
-1.04027,1.7194,1
0.883592,1.84213,1
-1.28434,-1.641,1
0.602808,0.793006,1
1.96552,0.929658,1
0.181906,1.3834,1
-0.569676,-0.904013,1
-2.41577,-1.48398,1
2.65406,-0.822236,1
-1.10767,1.62388,1
0.202451,0.366811,1
1.01215,1.35379,1
-0.736668,-2.03201,1
0.129756,1.17824,1
1.46055,-0.00164737,1
-1.07498,-1.27408,1
0.409753,-0.748768,1
0.0891781,-0.0327556,1
-0.931223,-1.42448,1
-1.9003,1.38525,1
0.627599,0.610727,1
-0.498698,-0.72058,1
2.59578,1.82055,1
-1.25156,1.64028,1
1.82887,0.470112,1
-0.78528,0.542728,1
1.3293,-1.54569,1
1.55406,-0.863559,1
0.0481245,-1.81898,1
1.5156,-0.564416,1
-1.32549,1.41191,1
0.516484,0.952796,1
0.344261,0.0822048,1
-0.0639266,0.409975,1
-1.4919,-1.07963,1
2.08179,-0.805667,1
-0.74604,0.483409,1
2.23388,0.224345,1
-0.418068,0.289875,1
0.707919,0.64482,1
0.406835,2.39163,1
-0.134802,0.295216,1
1.25789,-1.55129,1
-1.10196,0.742842,1
-1.3408,-0.676264,1
0.912552,0.429736,1
0.607895,0.278349,1
0.871088,2.02748,1
-1.25965,0.656835,1
-1.32348,-0.078047,1
-0.48823,0.872551,1
-0.443182,-1.45541,1
0.937597,0.524246,1
1.13145,0.657408,1
-1.01739,-0.428675,1
-0.743942,1.00612,1
-0.465936,-0.680699,1
1.80945,0.0802384,1
-0.883828,-1.261,1
-2.35696,0.921901,1
-0.458788,-1.4701,1
0.62817,0.38476,1
-0.352852,-0.814614,1
1.15591,-1.01158,1
1.31966,0.350444,1
-1.43818,-0.371212,1
0.555407,1.97549,1
0.630456,-1.40154,1
-1.57312,-0.614814,1
-1.79053,-1.58375,1
1.17059,2.42324,1
1.63669,1.67077,1
-2.14847,-1.09488,1
-1.5423,0.158972,1
-0.575241,-1.05744,1
1.86513,-1.47023,1
-0.411094,-1.25517,1
0.816931,-0.150571,1
-1.90391,1.10384,1
-0.75776,0.211002,1
0.946147,0.088083,1
-0.955825,0.965143,1
-0.859707,0.783694,1
0.559065,0.516408,1
-0.263553,1.60431,1
-1.06195,1.41988,1
-0.537545,1.07684,1
-0.192155,0.793426,1
-1.95932,-1.9895,1
-0.861956,0.932527,1
-0.876242,1.3718,1
-0.922598,0.510311,1
-0.175029,1.6139,1
-1.34273,1.58922,1
-0.977266,-0.470477,1
-0.129129,-0.303563,1
-0.703605,-0.578912,1
-0.879012,-2.03487,1
1.34213,0.408914,1
1.07303,-0.0807263,1
1.49916,-1.1406,1
-0.939742,1.62907,1
2.15762,1.52558,1
1.60556,1.57447,1
-0.538651,-1.72703,1
-0.518309,-0.809795,1
0.874147,2.26623,1
-2.00041,-1.16394,1
0.629316,-1.50949,1
0.903816,1.59308,1
0.94233,1.53679,1
-2.21619,-0.117472,1
0.450153,1.44481,1
0.398337,-0.507929,1
1.45719,-1.53488,1
-2.68339,-0.33177,1
1.32871,2.44952,1
-2.54437,-0.808189,1
0.67368,0.721814,1
-2.03064,-1.23735,1
-0.798576,0.543628,1
-0.562972,-1.09375,1
0.997855,1.15502,1
-0.706231,0.780978,1
1.84949,2.27479,1
0.993298,0.644416,1
2.51531,0.845447,1
-0.502948,-1.31271,1
-0.638421,-1.61565,1
1.63797,0.479036,1
1.06249,0.180852,1
1.41337,1.05496,1
0.187982,1.01551,1
-0.453332,-1.87161,1
1.05708,-2.2752,1
0.417147,-2.21559,1
-0.342988,0.402805,1
1.47886,-0.187739,1
-1.59842,0.614541,1
1.95919,-1.54154,1
-1.0894,-0.251412,1
1.53479,0.944459,1
0.892923,0.0680598,1
1.41032,-1.43381,1
-0.543546,-1.56675,1
-1.4844,2.17833,1
-1.82021,-0.700827,1
1.20215,1.79367,1
0.677854,-1.75014,1
-1.68883,-0.874237,1
0.14496,-2.31557,1
-0.0836693,-0.180709,1
0.0194766,1.3098,1
0.0431884,1.19959,1
-0.424593,-0.921775,1
-0.19353,-2.01505,1
0.553499,-1.03852,1
1.34065,-1.6036,1
0.731041,0.635299,1
0.471849,-1.88097,1
0.133065,0.329005,1
-1.36338,0.837256,1
0.599502,0.314737,1
-2.70943,0.259728,1
1.50452,-1.40847,1
1.81063,-2.46198,1
1.06887,-0.732008,1
1.94479,1.29304,1
0.459795,1.3647,1
0.439838,0.892824,1
1.53921,-1.93518,1
1.27761,-0.0259782,1
0.922941,-0.721263,1
-0.75985,1.76823,1
0.970838,1.31466,1
-1.43187,1.74543,1
0.502701,0.143488,1
-1.14567,-1.7929,1
-1.13301,0.890701,1
2.14506,1.20451,1
1.37217,1.4399,1
-1.12793,-0.623045,1
1.98739,-1.10107,1
-0.566086,0.411876,1
1.65141,1.53444,1
0.783018,0.595528,1
-2.2235,-1.2893,1
-1.12219,2.67898,1
1.60562,-0.846244,1
0.787318,1.65372,1
-2.26972,2.01918,1
-0.558155,0.58317,1
1.21679,0.811892,1
-1.60758,2.05194,1
0.859071,0.209677,1
0.0512095,2.08477,1
-0.46071,-2.21472,1
-1.21097,0.81199,1
-1.94855,1.76959,1
0.392475,0.784459,1
-1.51061,-1.03745,1
1.21546,1.48583,1
-0.489962,1.24848,1
0.367495,0.926657,1
1.78035,1.53656,1
1.24425,-0.188345,1
-0.484524,0.482634,1
1.46155,1.20902,1
1.44253,1.94731,1
-1.95216,0.116554,1
-1.156,2.44711,1
-1.41501,-0.16206,1
-1.85259,0.146932,1
-0.0603204,0.0225333,1
1.01672,-1.10619,1
0.744624,0.385944,1
1.63265,1.07043,1
0.318081,1.23014,1
0.664325,1.79514,1
0.311113,-0.229394,1
-0.920188,1.57298,1
0.240135,-0.209327,1
1.00506,1.6291,1
-0.662632,0.699968,1
-0.797021,-0.345668,1
1.06925,-0.942092,1
-0.921382,1.44292,1
-1.87538,-0.742236,1
1.30369,-0.218768,1
0.755613,1.29074,1
-1.29466,-0.788125,1
-1.35061,1.70159,1
1.72658,-2.38443,1
1.53447,-1.82967,1
0.964165,-0.7303,1
-1.83331,-1.1853,1
-0.996541,-0.941818,1
1.52805,-1.69862,1
-1.10821,-0.0617486,1
-0.623918,1.00658,1
-1.46108,0.259357,1
-0.453348,-0.840642,1
1.56143,1.27225,1
0.97117,0.0355379,1
0.341977,1.57922,1
1.53013,0.544527,1
0.455222,-0.616147,1
1.26794,1.68872,1
1.14321,-1.24503,1
-1.01023,-1.56102,1
0.574388,0.801383,1
-1.74399,-0.590185,1
0.526339,1.08485,1
0.880137,-0.176884,1
0.0376059,2.1358,1
-0.220108,0.368689,1
-0.308836,0.722167,1
2.36407,1.31863,1
-0.951701,-0.713,1
1.68663,-1.02376,1
-1.60137,1.38615,1
1.11523,-0.179969,1
1.22695,-1.6296,1
1.04707,1.46414,1
-0.581895,0.994592,1
0.788519,1.01297,1
0.431472,0.670739,1
0.368709,-0.37022,1
0.808985,-0.0743757,1
-0.665901,-1.9989,1
-1.37995,1.309,1
1.19752,0.946376,1
-1.3639,-0.922311,1
-1.52544,1.58293,1
1.23859,-0.0820337,1
0.657688,-1.99134,1
0.99234,-0.530119,1
-1.11754,1.70378,1
1.47192,-1.34554,1
-0.711894,-0.144731,1
1.36521,1.35615,1
-1.18154,0.936888,1
-1.23919,-1.87896,1
-0.213387,1.15436,1
0.54792,-0.326919,1
1.55117,-0.955935,1
-0.484023,-1.09989,1
-0.475468,-1.46582,1
-1.81769,1.34478,1
0.873717,-1.43181,1
-0.13363,0.59837,1
1.55828,-1.79401,1
2.00888,0.996383,1
0.0242903,0.110389,1
0.679919,-0.294379,1
-1.14575,-1.14574,1
1.68104,-1.39371,1
-0.56531,-0.175387,1
-0.45834,-0.805311,1
0.0817045,-1.49124,1
0.50661,0.393824,1
2.28276,-1.82515,1
1.14488,0.230968,1
-2.51616,-0.700278,1
-1.16954,-0.877989,1
-1.89704,-1.57263,1
-0.394868,0.49743,1
-1.83564,0.536393,1
-1.54035,-0.776765,1
-0.2294,-1.31551,1
-0.768282,0.652232,1
-1.04045,-1.67339,1
-0.166705,-0.689882,1
1.92219,-0.241061,1
-0.834181,1.58811,1
-0.277286,-1.2192,1
-2.03849,-1.78727,1
-2.2923,-1.1663,1
0.477673,-1.4285,1
-0.556386,-1.46487,1
2.1151,0.378022,1
1.06346,1.13602,1
-0.158889,1.91898,1
2.16956,-0.630504,1
-1.33775,-1.48454,1
0.408813,-2.09726,1
-0.183323,2.22972,1
1.47178,0.251246,1
-2.46405,-1.12099,1
1.02834,1.071,1
0.185217,1.35664,1
1.1077,1.27141,1
1.1316,-1.46764,1
0.915264,0.777186,1
-0.924007,-1.37227,1
-0.316034,-0.615715,1
-1.46897,1.17718,1
0.747704,0.0876491,1
0.10403,1.75997,1
-2.31541,-0.239023,1
1.71363,-0.148109,1
-0.720801,-0.778158,1
0.960084,-0.030052,1
0.559244,-0.945252,1
1.08976,0.479846,1
-1.50018,-0.387973,1
1.18188,0.551714,1
-0.586845,1.54157,1
-1.93457,0.147413,1
0.99669,0.205005,1
0.927207,-0.628765,1
0.968898,1.39927,1
0.398527,-0.420228,1
-1.36121,1.07035,1
-2.0091,1.20374,1
-0.110913,1.693,1
0.782023,-1.41241,1
-1.04623,-2.19894,1
-1.93551,-1.73887,1
0.238485,0.524614,1
-0.507072,0.832181,1
0.128955,1.29209,1
-1.08493,0.407291,1
-0.712434,-0.707615,1
-0.619073,-0.268441,1
0.909707,1.75069,1
1.32906,-1.41201,1
-0.724018,2.1422,1
1.22942,0.39413,1
0.503398,-1.35173,1
-0.199192,1.72976,1
0.153185,0.37766,1
1.44628,1.412,1
-1.96188,-0.167323,1
-0.966079,1.42501,1
0.497964,-0.864293,1
0.44863,1.14916,1
-1.89276,0.877806,1
0.017899,-1.00787,1
-0.798882,1.94765,1
-1.77515,1.29473,1
-0.674933,-0.686731,1
-0.705345,-0.178967,1
1.11548,1.34424,1
1.82502,0.724638,1
0.452557,-0.339178,1
-0.991249,-2.13673,1
-0.535803,0.940916,1
-0.726343,1.27341,1
-1.12919,1.31976,1
-1.72673,0.12389,1
0.489507,2.32796,1
-1.76586,-2.25366,1
2.05155,1.91287,1
-0.425547,0.967406,1
-1.45287,1.98835,1
-0.990606,-0.683809,1
2.19368,1.32198,1
-0.624502,-0.945014,1
-0.228889,1.32918,1
-0.0177973,1.30828,1
-1.19448,1.06182,1
1.40228,0.879385,1
0.888342,-0.187246,1
0.698879,-0.73211,1
0.43881,-0.44551,1
1.15916,1.94158,1
-0.303838,0.722955,1
1.10604,2.25618,1
-1.4987,-1.82402,1
-1.03587,1.20612,1
-0.814627,-0.819131,1
0.67856,0.747302,1
1.84338,-0.343883,1
-0.658533,-0.0875193,1
-1.51207,1.25711,1
0.247543,0.200569,1
-1.32428,-0.600762,1
1.94053,-0.977547,1
-0.648661,1.06945,1
-0.854484,1.48057,1
2.06991,-1.34358,1
0.111231,-0.660904,1
0.278295,-1.70603,1
0.616892,0.264115,1
-0.443101,2.13055,1
-1.2179,0.179677,1
-2.68082,-0.670569,1
2.20963,0.316527,1
2.23482,-0.505737,1
0.657345,1.73429,1
-1.45839,0.413744,1
-1.32563,-1.32135,1
0.875655,0.362596,1
2.31134,0.689193,1
1.67014,-1.69034,1
1.51042,1.22047,1
-1.57418,1.09623,1
1.10364,-0.61074,1
0.236955,0.480271,1
-0.791373,1.42099,1
0.0898054,1.00492,1
2.40637,-1.44983,1
1.69304,-1.57818,1
-1.2656,-0.451837,1
2.28769,1.5576,1
-1.21523,-0.596669,1
0.802989,0.435295,1
0.279332,-0.35259,1
-1.2997,-0.301495,1
0.675048,1.7464,1
-1.2328,1.37756,1
-0.52527,0.402983,1
0.153955,0.0429243,1
0.395246,-0.403954,1
-0.542628,-0.495047,1
-1.73737,0.71278,1
0.201473,-1.95515,1
1.89763,0.776123,1
0.168373,-2.0378,1
0.849725,-0.881149,1
-1.05981,0.950298,1
2.16092,-0.0152244,1
1.69312,-1.1674,1
-0.270608,1.74917,1
-1.09929,0.558823,1
2.32889,-1.37489,1
-1.42782,0.402435,1
-1.77267,1.53953,1
-0.853767,0.0921569,1
-1.96748,0.576229,1
-0.341323,1.06837,1
1.38062,-0.378015,1
-1.84618,-1.69894,1
-0.00211181,-0.112569,1
0.542714,2.12825,1
-0.561154,-1.14582,1
-0.868388,0.15483,1
0.600753,-2.05862,1
-1.2026,-1.62813,1
-1.94301,2.04857,1
-1.11267,0.584376,1
-1.06795,1.07615,1
0.824919,-0.354747,1
-1.12579,0.929353,1
-1.5872,-0.621202,1
1.53615,-1.52811,1
1.48914,0.139333,1
-2.09107,-1.6641,1
1.81469,-2.01952,1
-1.09016,0.858488,1
-0.543872,0.726735,1
-1.66735,-1.49898,1
1.38526,1.6914,1
0.910734,-1.09379,1
-0.57189,-1.10498,1
-0.209773,-1.24723,1
-0.37555,-1.12879,1
1.40098,0.70889,1
1.0371,-0.414129,1
0.499243,1.38694,1
-0.556938,1.49817,1
-0.422501,-1.63589,1
-0.182821,-1.18661,1
1.40427,0.509075,1
0.396624,-1.44229,1
-1.25785,-1.45773,1
-1.93056,-0.202074,1
-1.01947,1.76743,1
0.920508,1.27452,1
1.88169,-1.48821,1
-1.40332,2.05664,1
-0.636903,0.433431,1
-1.20344,-1.5034,1
-0.0843896,2.07896,1
-0.301831,2.56558,1
-0.846788,0.495904,1
0.51502,0.858204,1
1.95161,1.70459,1
-1.07573,1.6235,1
1.08359,-1.11229,1
1.60887,2.25335,1
-0.336946,-1.69262,1
0.239444,-0.0333621,1
0.191491,0.411392,1
-0.55624,0.286237,1
-1.31078,1.12287,1
1.67016,0.440186,1
-1.00013,1.79791,1
1.79177,0.336966,1
0.119118,0.818263,1
-1.8564,1.03604,1
-0.666571,-1.10016,1
1.32675,0.551704,1
-1.68039,-2.154,1
1.37663,1.20311,1
1.95663,0.441858,1
1.29286,1.00788,1
0.306577,-1.29215,1
-0.851083,1.17893,1
-2.15886,1.02079,1
-0.672711,-1.08922,1
-1.23756,-0.481482,1
0.472991,0.254168,1
-0.906162,-1.65175,1
1.24372,2.95564,1
1.41519,1.12795,1
0.0825656,-1.91296,1
0.542594,0.76062,1
-2.27046,-1.67542,1
0.430911,0.929528,1
1.37134,-1.08187,1
-1.46527,0.511742,1
-2.01425,-1.1932,1
-0.92603,-0.00404414,1
1.79451,-0.768471,1
2.66668,0.409548,1
1.08364,1.25734,1
1.33633,0.345733,1
-0.922812,-0.570882,1
-0.643667,-0.21433,1
1.5415,2.83793,1
-1.32465,-1.54258,1
-1.73938,1.09936,1
0.804432,0.589076,1
1.76628,-0.42827,1
-1.17457,0.657206,1
0.279439,1.63476,1
0.860496,1.22055,1
1.26809,-1.40143,1
-0.485618,0.893116,1
1.14667,0.49027,1
1.48052,1.5901,1
-1.50553,-2.50228,1
-0.643725,-0.457028,1
-0.450711,-0.366588,1
-0.622369,0.345558,1
-2.0788,0.646218,1
-1.20009,1.12621,1
1.47719,-0.377217,1
-2.35443,0.991999,1
2.2417,0.613726,1
1.21648,1.46502,1
-0.762543,-0.168377,1
-1.48085,-0.328695,1
-0.0861918,-1.18123,1
-0.793294,1.57456,1
-1.41154,-1.34675,1
-1.3428,1.20947,1
1.54096,-0.0276075,1
-0.0161138,0.448342,1
-0.945271,1.30084,1
-0.42094,-0.696228,1
0.430026,1.43716,1
-2.12949,-0.259646,1
1.22421,0.360885,1
-1.02997,-0.729116,1
-0.574582,0.689858,1
-1.04699,-1.32511,1
-0.416999,2.15504,1
-1.26527,-1.0188,1
0.748627,-0.631141,1
-0.273915,1.63283,1
1.37518,-1.25555,1
1.49147,1.13761,1
-1.28582,0.715763,1
-1.0618,-1.12885,1
0.439545,1.14288,1
0.679717,-0.692391,1
2.22483,-0.721135,1
-2.13424,-0.749461,1
0.804519,1.66158,1
-1.63629,-1.37322,1
0.906244,-0.73793,1
-0.545389,-0.491419,1
0.26369,-0.0253295,1
-0.844567,1.77238,1
-1.44112,2.32199,1
-0.759768,-1.26171,1
-1.76102,0.575071,1
-2.53127,-1.19172,1
0.0862678,-0.745964,1
-1.24461,0.887664,1
0.619755,-0.222539,1
-0.813055,1.62706,1
1.06221,-0.175991,1
0.442965,-1.78521,1
0.420513,-0.265989,1
-1.32699,2.9353,1
-1.1083,1.09712,1
-1.13329,2.38016,1
1.54241,1.15711,1
-1.07555,-1.45968,1
-0.167514,-0.123386,1
-1.12999,1.52195,1
-2.22355,-0.592279,1
1.87603,-1.14251,1
0.495733,-0.846233,1
0.442364,0.567472,1
-2.95947,-2.16533,1
0.562131,-0.0999532,1
0.594261,1.00816,1
0.314947,1.61758,1
-0.884028,-0.397382,1
-1.18473,-1.05374,1
-1.0472,-2.29171,1
-1.07273,0.632852,1
-1.82859,1.19198,1
0.234812,-1.21521,1
0.244341,0.859946,1
-0.275208,-0.495201,1
-2.5164,0.932994,1
-1.70025,-2.36042,1
1.14988,0.415267,1
-2.07221,-0.0401613,1
1.13195,0.989855,1
1.32193,-1.54376,1
-0.154987,0.29206,1
-1.08308,2.08088,1
-1.44521,1.59905,1
-0.489614,0.950418,1
-1.27221,-1.43217,1
-1.69331,1.39984,1
0.268647,0.152182,1
0.324777,0.509881,1
0.480415,0.557552,1
-2.50959,-0.260421,1
1.04536,0.816263,1
1.76073,1.55665,1
-0.123679,1.93548,1
-1.28533,0.350479,1
1.83859,1.561,1
-0.441191,0.662175,1
-1.66895,-1.02459,1
0.532861,3.00332,1
-2.29494,-2.19426,1
-0.538773,-2.06308,1
-1.15894,1.73066,1
0.719806,1.2812,1
-0.728696,1.66839,1
0.991421,-0.679102,1
1.70603,0.232189,1
0.228603,0.0551826,1
1.15009,-1.50138,1
0.247795,1.52593,1
1.73715,-1.37187,1
-0.601316,-1.50267,1
0.239568,0.279422,1
2.33797,-0.905861,1
-0.733283,-0.922376,1
-1.16109,0.460964,1
1.16012,-0.641746,1
-0.168883,0.402291,1
-1.62497,-0.126422,1
0.496493,-1.33085,1
-0.320156,0.573095,1
1.09679,0.669589,1
-0.530188,-1.82545,1
0.803735,-0.431367,1
1.80719,0.232661,1
-0.399118,-1.38589,1
1.05497,0.752953,1
-0.809787,0.264241,1
0.0831187,0.0354807,1
1.13618,-2.64789,1
0.529555,1.64462,1
-1.31157,1.19738,1
-1.80791,-0.376931,1
0.118499,-1.44684,1
-0.934902,1.72606,1
-1.6754,-0.857274,1
-0.200746,0.219325,1
2.33423,1.4092,1
-0.390892,-1.45626,1
1.42274,0.798609,1
1.76279,1.00348,1
1.29424,-1.55683,1
-0.740432,-1.68339,1
-2.30253,1.85005,1
0.641487,-0.590018,1
1.79842,0.165674,1
1.34619,0.106858,1
1.13758,-0.532942,1
-0.741141,-1.96225,1
-0.996289,-1.8661,1
0.934151,1.68201,1
-1.25249,-0.350061,1
-0.102717,0.839416,1
-0.759779,-1.0509,1
0.907431,1.63972,1
-1.05749,-1.89048,1
-1.48938,-0.328039,1
1.05706,0.178005,1
0.463816,1.53717,1
-1.73936,0.771837,1
1.62536,1.19968,1
1.44685,0.0913034,1
-0.883828,1.31212,1
0.174818,0.178675,1
-0.181391,1.41394,1
-0.302043,0.887175,1
0.697091,-0.816333,1
-0.699626,0.479299,1
1.26111,1.41612,1
-0.510554,1.03663,1
-1.77216,-2.24498,1
2.16217,-1.7444,1
0.485182,0.689076,1
-1.2209,-0.52822,1
-3.31002,-1.41211,1
-1.70511,0.531651,1
-1.33594,-0.785838,1
0.455889,1.78357,1
-0.524026,-1.33086,1
-0.441985,1.77822,1
1.76166,0.420324,1
-0.504391,-1.72945,1
1.41807,0.708528,1
1.31313,-1.21199,1
-1.55628,1.41945,1
2.22768,0.980456,1
-2.37567,-0.799207,1
0.946778,-0.327059,1
0.804286,0.330474,1
0.947787,0.230011,1
-1.38434,1.92803,1
0.980187,0.713705,1
0.151695,-1.28685,1
0.792967,1.62309,1
0.53499,-1.07775,1
0.631766,-0.829901,1
-1.43104,0.466995,1
0.620075,-0.971197,1
0.836102,-1.37426,1
1.44522,0.91972,1
1.54363,0.899514,1
-1.37966,-1.5066,1
1.62761,1.18097,1
0.664503,-1.89625,1
-1.29629,1.06585,1
-0.882128,-1.35062,1
2.23247,0.118315,1
0.914509,-0.72926,1
0.0440059,-1.9681,1
-2.46881,-0.0203651,1
1.17388,0.0409903,1
-0.831089,0.812858,1
-1.521,-0.324672,1
1.64287,-1.22635,1
0.612493,0.167232,1
1.00102,2.90454,1
-1.97329,0.745838,1
-1.42675,-1.66217,1
1.49025,-1.87386,1
0.163321,-2.64956,1
1.45644,-2.06881,1
-0.560441,0.929696,1
-0.203886,-0.472558,1
-0.0588867,-0.621887,1
0.167657,-1.24673,1
1.35282,0.981705,1
1.16024,1.08375,1
-1.33886,-0.359353,1
-2.17017,0.594762,1
-1.52464,0.527854,1
-0.657211,1.2117,1
1.04659,2.099,1
0.719121,-1.05834,1
-2.16851,2.28248,1
-0.569554,0.769469,1
-1.02689,1.2019,1
0.472269,0.115731,1
-1.10334,-1.59719,1
1.88854,-0.909956,1
2.10442,0.567386,1
-1.69289,-0.305244,1
-1.42278,-1.03913,1
0.710819,-0.750169,1
-1.65825,-0.327776,1
-0.967394,1.23042,1
-2.00927,0.664288,1
-1.08526,1.48654,1
-1.90104,-0.256345,1
-0.38445,1.64459,1
-0.834868,-0.161264,1
-0.607958,0.803573,1
0.0136505,2.01245,1
-1.54149,0.340264,1
0.493583,1.16993,1
1.42524,0.661205,1
-0.549975,0.526273,1
0.656525,1.00433,1
1.61919,-1.7955,1
-1.12954,-2.34533,1
-0.866247,-0.513383,1
0.479897,0.925541,1
-1.90448,-1.05448,1
-1.75127,-1.44138,1
-1.24005,-0.76985,1
1.32514,1.38904,1
-0.581105,1.20673,1
-0.492606,1.19085,1
1.10333,0.948768,1
1.30484,-0.355636,1
0.742183,1.11037,1
-1.63881,0.259467,1
-0.57188,1.77562,1
-1.3723,1.24421,1
-0.706524,1.22229,1
-0.353141,1.20203,1
1.01263,-0.17333,1
-1.8091,-1.12515,1
1.2316,0.73636,1
-1.99806,-0.669089,1
0.625502,-0.459602,1
-0.9657,1.16634,1
-1.19408,-2.08042,1
-0.312231,1.73774,1
1.65391,2.60022,1
-1.55822,-0.616112,1
-0.663358,-0.118046,1
0.0538933,1.38442,1
-1.18029,-2.07429,1
-1.02177,1.82551,1
-0.395648,-1.29663,1
-1.18397,1.41607,1
-1.31129,1.71198,1
-0.933664,0.94311,1
0.318199,-0.0305106,1
-0.823043,0.616879,1
2.79999,0.870288,1
1.11341,-0.238717,1
-0.245263,-1.49373,1
1.03348,1.95708,1
-1.73726,-1.71333,1
1.51537,1.13886,1
0.0377576,1.847,1
1.38176,0.522431,1
0.139679,0.277902,1
0.886589,2.35347,1
-1.62908,1.41556,1
-1.94157,0.998359,1
0.702598,-0.461117,1
-0.274254,0.0889746,1
-0.640905,-0.844056,1
-2.11749,-1.06746,1
1.82624,1.08745,1
1.07723,0.078956,1
1.68189,1.79258,1
-0.0153735,0.937717,1
1.08255,1.66014,1
-1.36432,0.750482,1
0.900371,-0.877786,1
-1.14916,-0.188596,1
-1.73308,1.52559,1
2.02034,1.81948,1
1.72299,-0.969948,1
1.42208,-0.743299,1
-1.99014,0.513415,1
0.473597,-1.06691,1
-2.12756,-2.10648,1
-1.86322,0.628058,1
-1.74765,-1.01891,1
-0.404713,0.813337,1
1.91333,1.51719,1
1.39883,1.17749,1
-1.24607,-0.465098,1
0.978766,2.39804,1
0.664228,2.05752,1
-2.15898,0.634558,1
0.297733,-1.06181,1
1.06347,1.61635,1
0.258555,1.22231,1
-1.1225,1.99885,1
-1.24438,-0.603948,1
0.151176,-0.919452,1
0.945085,0.017823,1
-0.677038,1.2991,1
1.06704,-1.31961,1
-0.303517,1.19935,1
1.67001,-0.0665703,1
0.490346,-1.15516,1
0.911153,1.35835,1
-0.188458,0.665481,1
0.0146144,-0.248601,1
-0.472884,0.757517,1
-1.07282,-1.3877,1
2.62813,0.947254,1
1.86274,-0.219097,1
2.58705,-0.932789,1
-1.58965,0.0925527,1
0.495396,-0.395044,1
1.19475,1.24729,1
0.0562315,-0.561945,1
-1.19383,1.74791,1
1.38341,-1.14131,1
1.66914,1.46082,1
1.33888,-1.19715,1
0.92685,-2.11661,1
1.18834,1.3698,1
1.41417,-2.04584,1
-0.106811,-0.352817,1
-2.29257,2.16543,1
0.587568,-0.257222,1
1.12525,1.27015,1
-1.60309,-0.804939,1
-0.911444,1.48299,1
-1.55617,1.35594,1
-1.09985,1.27087,1
0.123335,0.62449,1
0.179587,1.25005,1
-0.282529,2.23299,1
-0.157604,0.630259,1
1.57069,0.906821,1
0.353883,0.606607,1
1.33837,-1.70462,1
1.36836,1.13278,1
-0.0922532,-0.0777326,1
2.13701,-1.33551,1
-1.16347,0.121328,1
-1.22409,-0.445527,1
-1.41307,-0.263301,1
0.112054,0.994164,1
-0.501258,1.4808,1
1.16182,-1.1343,1
-0.109949,1.75425,1
-1.62785,-0.409679,1
-1.20704,0.35445,1
1.11334,-0.183346,1
0.662728,-1.17032,1
-0.532048,-0.722186,1
0.738872,-2.27882,1
-0.55363,-1.76008,1
0.721087,-0.980294,1
1.82178,0.837088,1
-1.28135,0.802761,1
1.31548,-1.25201,1
0.761453,-0.267362,1
-0.296451,0.862152,1
-0.54607,1.71082,1
-1.86986,-0.486119,1
1.36553,1.02287,1
0.120927,1.55683,1
-0.742721,1.48926,1
1.33817,0.0199024,1
-1.09784,-1.75403,1
-2.25387,-0.313935,1
1.72579,-1.47759,1
1.50914,-1.11952,1
0.702785,-1.32934,1
0.60926,-1.03392,1
1.70871,1.49257,1
-2.02316,0.874999,1
1.4591,-1.16962,1
-0.260489,-0.239116,1
-0.486312,-0.0415655,1
-0.538959,-1.16392,1
-0.755772,0.743918,1
-0.352405,-1.37539,1
0.070802,-0.285137,1
-1.75542,-0.632891,1
3.18055,0.285683,1
0.905375,-1.24859,1
-1.51933,0.2952,1
1.57961,-1.91334,1
-1.50373,0.3467,1
-1.18759,0.544011,1
2.08614,0.548597,1
-1.75998,1.80403,1
2.43427,-0.053238,1
1.29096,-1.08906,1
-0.790278,0.176224,1
-1.23272,-0.221752,1
1.27796,-0.230467,1
-1.73807,-1.40462,1
1.01633,0.962761,1
-2.41438,0.881654,1
-1.7334,0.296855,1
2.06701,1.26256,1
1.23779,-1.09125,1
1.71065,1.61775,1
-0.741675,-1.20386,1
-1.08318,0.575871,1
-0.957192,-0.259908,1
-1.93416,1.66085,1
-0.382832,-0.614273,1
0.504695,-0.0906057,1
1.69769,-1.49774,1
0.97033,1.412,1
1.34028,-0.388483,1
-0.120162,-1.37212,1
2.14828,1.93668,1
0.0117846,1.66154,1
-1.91721,1.51269,1
-0.432982,0.0520819,1
-1.47314,-1.48647,1
1.86222,-0.96218,1
1.72552,0.605444,1
1.61152,-1.81974,1
-1.42112,1.65001,1
-0.284142,-0.0518975,1
-1.34202,1.74685,1
-1.94231,-0.987813,1
1.13797,-1.47331,1
1.18647,2.11326,1
-1.26724,-0.792984,1
-1.2736,-0.168787,1
-1.21533,1.34848,1
0.910786,-0.712198,1
-0.242101,1.41316,1
0.243344,-0.802175,1
-0.0336528,0.889162,1
-1.6629,-1.90715,1
-1.54439,-0.828922,1
-0.859628,2.13902,1
0.752763,-1.23125,1
0.412861,-0.59158,1
-1.41144,-1.30323,1
1.02445,1.19637,1
0.616645,-0.97571,1
0.761086,-1.22407,1
0.176655,-1.07959,1
-0.791697,0.806802,1
1.07224,-0.20839,1
0.954497,0.701504,1
1.01136,1.03419,1
0.0859286,-0.0227375,1
1.30816,-1.87825,1
2.18246,-0.761637,1
2.64151,1.32342,1
-0.548083,-1.431,1
0.361831,0.312525,1
0.548603,1.14206,1
0.770202,0.329254,1
-0.569868,1.05822,1
-0.81074,-1.23415,1
-0.365479,1.411,1
-0.191805,-1.00902,1
-1.01895,1.93676,1
1.36094,-1.18687,1
-0.473385,-0.413165,1
-1.32994,1.49206,1
-0.0716976,1.47176,1
0.901548,1.75395,1
0.0683382,0.944055,1
-0.732461,-0.933852,1
0.411128,2.32759,1
-1.72286,-1.37937,1
0.707811,1.3024,1
0.891038,0.188479,1
-1.04262,-0.406929,1
1.14893,-2.16693,1
-0.524741,-1.46643,1
-1.3217,-1.29214,1
-1.17453,0.867583,1
-0.271113,-0.902395,1
-0.350014,-2.5127,1
0.874627,0.498284,1
-0.750361,-1.99747,1
-0.155698,-0.888054,1
0.658937,-0.499813,1
-0.627978,2.83703,1
1.29409,-1.47135,1
-0.666074,2.09459,1
-1.17923,-1.34411,1
1.68732,1.38841,1
0.803578,0.223724,1
-1.56661,1.46234,1
-1.05015,2.45552,1
-0.389709,0.390727,1
0.627576,0.629233,1
1.32887,0.0122101,1
-0.402906,1.9206,1
-2.40816,-0.269321,1
1.09589,-2.24463,1
-1.77765,1.24454,1
2.15738,-0.256347,1
-0.448194,-0.228496,1
-1.98288,1.62653,1
-0.452629,0.65764,1
-0.190566,0.843866,1
-0.668219,-0.603774,1
0.263404,1.81873,1
-0.120303,1.42509,1
-1.76357,-0.612982,1
-1.12143,0.984454,1
1.31599,-0.677447,1
0.877111,2.11816,1
1.63493,0.131411,1
-2.10653,0.11237,1
0.376675,-1.09303,1
1.84503,1.85024,1
1.07501,-0.808088,1
0.301771,1.66034,1
-0.269138,0.288704,1
1.30923,-0.987857,1
0.581411,0.296226,1
-1.07208,1.41303,1
-0.375566,1.02303,1
0.730352,-1.52963,1
1.06619,1.5634,1
0.366001,-1.51304,1
-0.552232,0.347523,1
1.20103,-2.73688,1
-1.19217,0.520855,1
-0.260161,-0.668833,1
0.310407,-1.08972,1
1.42344,-1.44009,1
-1.46665,-1.20526,1
-0.00982817,2.67649,1
0.683146,1.27612,1
-0.433798,0.106145,1
-0.32084,-0.790697,1
0.0104243,0.818071,1
1.26597,0.579539,1
1.04181,-0.830728,1
0.943044,-0.0962316,1
-0.0123043,-0.269991,1
1.13543,1.45919,1
-1.50136,0.0156405,1
1.2507,0.305173,1
-1.07753,1.06135,1
0.89582,-0.940653,1
-2.0531,1.3042,1
1.32322,1.26469,1
1.30371,-0.825439,1
0.92946,-1.32116,1
1.06061,-2.33455,1
1.48186,-1.69391,1
-1.11157,-1.438,1
-0.66495,-0.573489,1
-1.48055,2.08793,1
-0.666309,1.91532,1
0.361218,-0.0219343,1
-1.63553,-1.16593,1
1.09501,-1.01631,1
1.10954,-2.66078,1
-0.117529,1.16667,1
-1.10279,-0.805162,1
1.4477,-1.09915,1
0.807885,-1.12911,1
0.764317,0.0299063,1
-0.71099,-0.87809,1
0.706189,-1.26761,1
-2.18627,0.770719,1
0.765307,-1.27128,1
-0.494668,-0.824643,1
-0.25933,-1.1073,1
-0.723613,0.443585,1
1.42065,1.50465,1
-1.31535,-1.1888,1
0.00397128,1.33496,1
1.27807,-2.38366,1
1.87993,-1.27392,1
0.553566,1.63623,1
-1.48333,0.799366,1
-1.08596,-1.90075,1
0.997894,-1.31034,1
1.26286,0.670825,1
0.28456,-0.0776633,1
0.752748,1.25776,1
-0.503127,-0.897558,1
-0.879809,1.01801,1
-1.62551,-2.5781,1
1.6243,1.28064,1
-0.000631364,0.40946,1
1.4961,0.418689,1
0.814467,2.0987,1
0.0977092,1.46964,1
0.0549063,0.196835,1
0.104693,1.32151,1
2.11241,0.710775,1
-1.22233,1.11709,1
-0.294105,1.31018,1
-0.778229,0.5762,1
-0.348456,0.44614,1
-0.613886,1.4495,1
0.785773,1.029,1
-1.99378,-0.0136709,1
-1.57406,1.07652,1
1.53624,-1.0548,1
-1.53102,0.832443,1
0.0909461,0.591012,1
1.14419,-0.144622,1
0.10903,-1.5079,1
-1.34555,-1.37137,1
-0.933325,0.446249,1
1.04943,1.70822,1
2.16799,-2.30065,1
-1.49765,0.612551,1
-1.34107,0.633954,1
1.15025,-1.21391,1
-0.270356,2.67166,1
0.782417,-1.38241,1
0.670523,-0.0152926,1
2.00473,0.962081,1
0.99208,1.82457,1
1.48912,0.694909,1
1.0093,2.24414,1
-1.40755,-0.32478,1
-1.92163,-0.00577511,1
1.05661,-1.39269,1
1.484,-0.829704,1
-1.05027,1.96284,1
-1.28251,0.631978,1
1.04454,-2.16918,1
-1.92788,-1.04917,1
0.415321,-0.0529569,1
-1.11063,1.50808,1
-0.78167,1.83248,1
-0.883277,1.44164,1
-1.96931,3.04558,1
-1.84335,0.548297,1
0.146463,1.29499,1
1.24821,-1.71355,1
-1.4499,-1.82115,1
-0.206972,-1.48469,1
-1.25741,0.888741,1
1.72809,0.0983234,1
-1.09727,1.04525,1
0.235908,1.00103,1
-0.341895,-0.865659,1
1.26322,-0.641147,1
1.63739,0.990689,1
1.66292,-0.332937,1
-1.42925,0.409012,1
-1.11684,-0.766397,1
0.499607,-3.85546,1
0.248991,0.72683,1
-1.29945,-1.36809,1
-0.88975,-2.06042,1
-0.43417,-2.0295,1
-1.27915,0.922408,1
0.864266,-0.649572,1
-1.26404,0.508207,1
0.928213,0.926586,1
1.41251,0.550075,1
1.74454,-0.775082,1
-1.09092,-1.28648,1
1.81614,-1.57479,1
-0.967648,-0.476806,1
0.749601,-0.721032,1
0.355354,-1.17801,1
-0.855019,0.753792,1
0.554855,0.923946,1
-0.285586,0.614532,1
-1.98511,-1.07621,1
-0.587078,1.27819,1
-0.0862781,1.87458,1
0.771021,-1.08498,1
1.53265,0.207111,1
1.75961,-0.527997,1
0.981271,-0.379839,1
1.41397,-1.14691,1
0.807916,-1.65228,1
-0.793129,-0.878615,1
-1.48151,1.77755,1
-1.64769,0.196288,1
0.450609,1.09178,1
0.266613,-0.138203,1
-0.590361,0.368599,1
-2.15492,-1.60678,1
-0.527928,-0.825308,1
0.10602,0.891834,1
1.16152,0.583772,1
0.268743,0.672515,1
-0.0679159,-0.732376,1
0.136449,0.619557,1
-1.39158,0.850597,1
0.0925946,-0.486505,1
1.05372,-1.69428,1
0.931306,0.243458,1
-0.486697,0.581659,1
0.6895,-0.477494,1
1.5031,-0.922577,1
-1.48793,-1.58171,1
-0.0681069,0.198025,1
1.83347,2.34744,1
0.753051,-1.82291,1
-1.23368,-0.32149,1
1.62946,-1.02524,1
0.291116,1.39263,1
0.980668,-0.851756,1
-0.956173,-0.309471,1
2.5043,-0.632468,1
2.17474,-0.872425,1
0.720943,1.09258,1
1.82144,1.41774,1
0.183193,-0.551838,1
-1.41784,-0.589743,1
0.386917,-0.692535,1
-1.56794,-1.84635,1
2.41728,0.570798,1
0.419031,0.304361,1
1.55103,-0.424534,1
2.36798,0.421932,1
1.19058,0.634606,1
-0.0247841,0.338652,1
-0.929662,-1.11876,1
-0.0793078,-1.22153,1
0.387565,1.38017,1
1.42896,-2.41083,1
-1.52304,0.616722,1
0.866349,-1.6943,1
-0.862151,-0.520073,1
-2.25061,-2.1915,1
1.23923,1.10581,1
-2.24064,-0.183268,1
0.0990126,-0.685832,1
-0.494748,1.40472,1
1.02731,-0.742629,1
-2.25618,-0.502315,1
-1.62524,-0.951112,1
-0.801748,0.552313,1
0.783548,-0.389968,1
-1.6071,-0.865688,1
-1.28915,-1.28212,1
-1.04788,1.11445,1
1.03308,0.185048,1
0.544645,-1.31658,1
0.925449,1.11466,1
-0.0162316,0.586702,1
-0.056032,-0.347151,1
0.878849,-0.257124,1
1.68089,0.648293,1
3.45561,0.0443833,1
-0.713567,-0.310376,1
1.31154,2.64666,1
1.42655,0.0434215,1
-1.5175,1.70489,1
0.056958,-0.93788,1
0.483357,0.705626,1
1.91157,0.154518,1
1.41208,-1.0592,1
1.27353,1.14455,1
1.67635,1.20219,1
-1.59492,-0.664371,1
-0.549541,-0.846937,1
1.79382,1.63884,1
-1.13167,0.102134,1
-2.05334,2.00049,1
2.01182,2.07302,1
0.628019,2.13875,1
0.0299924,-0.745383,1
-0.434705,-1.53062,1
-1.15601,-0.506097,1
-1.98959,0.865144,1
1.55128,-1.32912,1
-1.25612,1.07691,1
0.934912,-0.695547,1
-0.483524,0.155282,1
-0.985514,-1.2334,1
1.87015,-1.20459,1
-1.20991,0.0169133,1
0.569446,-0.863149,1
0.409205,-0.0465115,1
1.12787,-0.156101,1
-0.54053,-2.13407,1
1.33099,2.30544,1
-2.32,-0.469958,1
-1.00948,1.1791,1
-1.96283,-1.63922,1
1.54902,1.69817,1
1.3864,1.38858,1
0.0899492,-1.68816,1
-1.1346,0.126519,1
-1.67886,-1.00701,1
-0.776411,0.249182,1
0.208707,-1.30503,1
1.20756,0.558937,1
-1.05473,-0.439355,1
-0.779083,1.24708,1
1.86827,0.495021,1
1.21527,0.91436,1
1.83721,1.71491,1
1.00677,-0.919187,1
-1.32035,-0.760072,1
0.772302,-0.109725,1
0.154913,-0.0749061,1
0.164748,-1.1282,1
-1.59945,-1.23716,1
1.91989,-1.2622,1
-0.930985,-1.36585,1
1.3171,-0.0495875,1
-0.0797303,-0.145007,1
-0.236742,1.11117,1
0.364647,1.54703,1
1.52381,0.892699,1
2.71377,-1.82466,1
0.0740712,-0.763865,1
-0.664293,0.833766,1
1.25027,-0.172072,1
-0.124145,-0.670277,1
2.05851,-1.1843,1
-0.511991,1.18917,1
-1.03146,1.26288,1
-0.127079,-1.05423,1
-2.00664,-0.458706,1
-0.227442,-1.95088,1
1.26025,1.09693,1
1.41776,-1.94937,1
1.24392,0.496574,1
1.31263,0.439258,1
-0.704115,-0.485819,1
1.36371,1.32446,1
1.50484,-1.76259,1
-0.638321,0.346578,1
1.51347,-1.48922,1
-0.907752,-1.73067,1
0.622961,0.273705,1
0.959556,1.12081,1
1.46679,-1.3601,1
-1.64968,-0.795563,1
1.36902,1.99839,1
0.857677,-1.74408,1
1.50133,1.9875,1
0.767313,0.245551,1
-1.38591,1.05604,1
-1.75136,-2.36655,1
0.311404,1.27521,1
-1.52465,-1.23325,1
-0.163819,-0.516343,1
0.041995,-1.25165,1
-0.654707,0.932533,1
-0.271325,0.101284,1
-0.920971,0.721314,1
2.09462,-0.0151588,1
0.292474,1.49053,1
-1.06037,0.981443,1
2.15417,2.25191,1
1.77713,0.127201,1
-0.7486,2.26326,1
-0.470363,-0.347954,1
1.25609,-0.313163,1
-1.68518,-0.863155,1
1.61036,0.408677,1
2.29147,1.33685,1
-1.62256,2.34869,1
1.26982,-1.49902,1
-0.110179,2.49648,1
-0.231327,-1.58312,1
-1.40227,-1.10826,1
1.73178,-1.23012,1
-0.689189,1.17517,1
-0.42699,0.00817091,1
1.74634,-0.534389,1
-0.713691,-1.99628,1
1.07539,0.651253,1
1.27563,-1.61801,1
2.24841,-1.27661,1
-1.10165,-0.846764,1
-0.0692897,-0.496197,1
0.835376,-2.14,1
-1.35298,2.37095,1
0.199259,1.03024,1
-0.41171,-0.218697,1
0.800796,0.194232,1
0.550635,-0.113847,1
0.693386,0.727347,1
1.75797,0.158239,1
0.87708,-3.16307,1
0.715379,-0.668375,1
-0.393812,0.712939,1
-0.824137,-0.121073,1
0.971246,-2.44196,1
-1.54377,-0.64215,1
-0.310841,1.3314,1
1.88956,-0.658826,1
0.932103,-1.42131,1
-0.0239769,0.362328,1
0.597451,1.40016,1
0.238358,-1.11008,1
-1.2305,0.15085,1
-1.40611,1.55934,1
1.24075,-1.53546,1
2.35338,-0.701549,1
0.178252,-1.2913,1
0.535862,1.33759,1
1.36176,-0.060429,1
0.634091,0.750514,1
0.909154,-0.992634,1
1.75244,1.57483,1
-1.27858,-1.89402,1
-0.703568,1.28023,1
-0.874794,0.589744,1
2.63986,1.24475,1
1.31126,-0.685094,1
-1.65586,-0.825602,1
-0.512727,-1.35863,1
-0.621364,-0.302378,1
0.821997,-1.91,1
0.52604,0.0931386,1
-0.449328,0.450768,1
-0.372172,1.6373,1
-0.268842,0.495417,1
0.903348,3.26636,1
-1.11823,0.40998,1
-2.25038,-0.537149,1
0.630726,1.21641,1
1.32344,0.898801,1
0.317815,1.49918,1
0.78521,0.932573,1
0.0901429,-0.430407,1
-0.729232,2.18259,1
1.2127,-1.29813,1
0.463721,1.09866,1
0.98906,-1.28754,1
-1.5526,-1.14438,1
-0.74851,0.139512,1
-1.15964,-0.177617,1
-0.798309,0.706391,1
-0.0755654,0.861522,1
-0.613599,-0.516252,1
1.43013,-0.625227,1
0.476443,-0.665927,1
0.586107,1.59587,1
0.0173435,0.409872,1
0.91877,-1.14404,1
0.587845,1.34838,1
-2.43063,-1.49028,1
-1.56382,-1.52188,1
-0.769644,1.68979,1
1.09369,-0.128415,1
-0.324438,-1.60765,1
1.47691,1.68457,1
-0.30938,-1.53721,1
0.818431,-1.19304,1
0.858128,-0.0798648,1
-0.46465,-0.038105,1
0.834976,-3.08638,1
1.62908,1.10251,1
0.62662,-0.915205,1
0.421202,-2.43891,1
1.29788,-0.603049,1
-1.45769,-1.26757,1
-1.40484,-0.667375,1
-0.705265,1.30192,1
-1.0923,0.771751,1
-0.721306,1.26008,1
1.92276,-0.518119,1
0.416244,-0.844796,1
-0.871352,-1.58764,1
0.972088,-0.623287,1
-1.5227,-0.957386,1
-0.742194,-0.590051,1
-0.503211,0.61758,1
1.75584,-0.213932,1
0.688866,-0.827971,1
-0.789004,1.32904,1
1.50147,1.09513,1
1.51067,-1.2444,1
-0.277812,0.244522,1
-0.770837,1.6713,1
0.605599,1.00213,1
-1.52224,-1.5376,1
-1.74141,0.540015,1
-0.17196,-1.63847,1
0.80513,0.699441,1
0.483078,1.20363,1
1.93622,1.56526,1
1.48558,-0.633813,1
-2.27456,2.05703,1
1.81853,0.200109,1
1.17419,-0.460144,1
-2.09617,-0.680802,1
0.49501,1.82753,1
0.102053,-0.176346,1
-1.51894,-2.08468,1
0.934894,-1.88719,1
1.30026,0.328318,1
-0.596559,-0.314733,1
-0.927971,-0.950891,1
-1.38895,0.400466,1
1.13329,-1.69711,1
-0.74972,1.32725,1
1.04015,-0.413012,1
-0.397686,-1.85592,1
-0.818333,2.56675,1
-0.283957,0.80551,1
-0.548317,1.16966,1
1.56767,1.96107,1
1.21154,-0.876991,1
-0.185628,1.46181,1
-0.761746,0.856253,1
-1.38696,0.23321,1
-0.474825,0.579151,1
-1.26882,-1.22266,1
2.87602,-0.487554,1
0.384983,0.541863,1
-1.34758,0.87555,1
1.9312,1.03541,1
0.155193,-0.181084,1
-1.53572,0.293833,1
1.37231,-1.43764,1
0.156449,-1.14277,1
-2.27747,0.258963,1
1.96993,-2.1609,1
1.1234,-1.92286,1
-1.43474,1.36192,1
-0.63717,1.21737,1
-0.597981,1.58976,1
1.11883,-1.10847,1
-0.696873,-2.59162,1
-1.82081,1.27205,1
1.71472,0.630555,1
0.51036,-0.550073,1
0.59902,-1.35148,1
1.08705,0.158595,1
-0.868727,-0.678625,1
0.452886,1.01493,1
2.44241,-0.395145,1
-1.72249,1.47736,1
-0.789295,-1.74179,1
1.57852,-0.158622,1
0.60201,-1.21943,1
-0.613435,0.147373,1
-0.225721,0.240656,1
-1.52001,0.452384,1
1.10761,1.62378,1
-0.296907,0.756908,1
-1.81138,1.05693,1
-1.39081,0.2745,1
1.18755,1.41109,1
1.26159,-1.41039,1
-0.547966,-1.38332,1
-1.08634,-0.194505,1
1.91514,-0.963502,1
0.684146,-0.293386,1
-2.55451,-0.399948,1
-0.168193,-1.04418,1
0.0108192,-0.250614,1
2.71036,-0.783466,1
-0.995634,-0.977675,1
1.04996,1.06367,1
-1.37558,1.0823,1
1.09487,-0.218306,1
-1.13116,-1.02404,1
0.482259,-1.67682,1
-0.352041,1.17942,1
-0.320626,-1.09739,1
-1.16781,-1.32904,1
-2.05167,-1.53023,1
1.16202,-0.667934,1
1.06784,-0.66043,1
-0.0839656,0.400691,1
-1.03055,1.43805,1
-0.812913,-1.00556,1
2.11108,1.5256,1
-1.57027,0.130218,1
-0.413653,-0.139308,1
-1.638,-1.29993,1
-1.36163,0.296306,1
-2.40878,-0.141018,1
1.50681,-0.907714,1
-0.48301,1.04541,1
-0.822666,-0.948585,1
0.369499,-1.46359,1
-1.84519,-1.31522,1
0.524905,-0.610549,1
0.995466,1.61953,1
0.119137,2.04497,1
1.45114,-0.249696,1
1.25941,-1.18805,1
2.20945,-1.65137,1
-1.40813,0.0467371,1
-0.758469,-0.115231,1
-1.40725,-1.63958,1
1.03184,-2.03605,1
0.339312,-2.64836,1
-1.38631,1.95537,1
-0.490206,-0.0603885,1
-0.84783,-1.5956,1
1.54127,-1.23132,1
-2.24296,-0.605778,1
-0.067673,-0.0351792,1
-0.79527,2.23549,1
-2.23248,-0.863044,1
1.95314,0.443162,1
-1.44472,1.29206,1
1.71573,1.0034,1
-1.45264,-0.387128,1
-2.00618,-0.599041,1
1.09115,0.717107,1
-1.78974,-0.880675,1
-1.22608,0.777452,1
-0.913822,-1.62686,1
0.84824,-1.87534,1
-0.448626,-1.82308,1
2.3693,-0.615236,1
-2.9245,-1.1624,1
0.98904,-1.87195,1
0.884446,1.11694,1
1.46829,0.900004,1
0.703693,-0.000799624,1
-1.61035,1.82103,1
-0.0672754,0.545825,1
0.719269,1.91037,1
-1.49926,0.679448,1
0.592572,-1.45301,1
0.133924,-2.09661,1
-0.65981,-0.486072,1
-0.0231945,0.742075,1
0.524903,1.1318,1
-1.62578,0.341653,1
-0.296104,-1.00384,1
0.727232,-0.26555,1
2.89038,-1.59999,1
1.40991,1.81404,1
-2.53779,-0.288007,1
0.0552203,1.13062,1
1.40099,-2.78719,1
1.06834,-0.584782,1
0.468251,-1.13483,1
1.50038,0.597459,1
-1.56785,0.83228,1
0.249346,-0.437085,1
2.79357,0.538754,1
-1.30994,-1.79357,1
-0.922734,-1.52128,1
1.30118,1.45265,1
-1.50704,-1.67474,1
2.01389,-0.135458,1
0.711077,1.21024,1
-0.214106,1.27809,1
-0.158942,-0.570794,1
0.967538,0.901197,1
-1.0713,0.735468,1
1.14228,1.18769,1
-0.976723,0.161371,1
-0.640319,-0.876896,1
-2.24532,0.915642,1
2.27662,-1.27295,1
1.59216,1.28113,1
0.0546422,0.600584,1
-1.40235,0.799908,1
-0.526854,-1.18196,1
-1.5542,1.08477,1
1.45455,0.995339,1
-0.0285385,1.82283,1
1.75807,0.2812,1
1.20339,-1.3961,1
1.85261,0.606665,1
0.102802,0.958066,1
0.843879,0.5979,1
-1.11456,0.286056,1
1.19557,-0.845375,1
1.7071,-0.672579,1
2.00788,-0.919256,1
1.13025,-0.644768,1
-0.397845,1.04413,1
1.69795,0.633073,1
-0.122016,0.900148,1
-1.09918,-1.55661,1
1.54928,-0.313797,1
-0.93846,1.22459,1
0.244497,0.418368,1
-0.236244,-0.565297,1
-1.22927,0.384148,1
-1.24604,-1.15797,1
1.23072,-2.26352,1
-0.299761,0.467756,1
-0.477439,-1.2765,1
-0.576852,-0.207816,1
0.595812,0.983299,1
-1.02207,1.50769,1
-1.46454,-1.21012,1
-1.0153,0.286423,1
1.19152,-0.990409,1
-0.827193,0.117773,1
-0.985376,-2.01098,1
1.42446,-1.98574,1
0.45853,-1.57904,1
0.0883714,1.47737,1
-1.54251,0.912825,1
1.53676,-0.776123,1
1.90775,-2.18756,1
0.909581,-0.552039,1
0.99264,-0.636519,1
0.660913,1.59753,1
1.26533,2.33905,1
0.391316,0.912805,1
-2.03757,-1.75324,1
2.07926,-1.10271,1
0.225384,-0.0841934,1
-0.74882,-2.24634,1
0.297299,-1.71566,1
-1.58383,0.841775,1
-0.606546,0.65845,1
-1.2279,-0.129282,1
-1.80878,-1.80703,1
0.495833,-0.719172,1
-0.558851,-0.00420227,1
-0.0886574,0.770653,1
2.69217,0.36149,1
0.42024,1.21372,1
-0.9585,-0.449898,1
-1.8246,-1.31743,1
-1.51256,-0.692212,1
-1.73172,1.58745,1
-1.04324,1.2975,1
-1.10051,-0.257787,1
1.79471,2.03245,1
-0.72935,1.11084,1
1.26069,-2.06018,1
1.4478,-0.0697973,1
0.196265,-0.837715,1
1.2693,1.75592,1
-0.814081,0.380279,1
-1.65117,1.76879,1
-1.64406,0.393379,1
-2.07206,1.7813,1
-0.614305,-1.65316,1
0.417605,0.693021,1
1.91599,2.45828,1
0.833091,-1.75579,1
1.31569,-0.111113,1
-1.23243,0.615447,1
1.60061,-0.361579,1
0.675567,1.60401,1
1.25726,-1.19049,1
-0.890595,1.38963,1
-0.226633,-1.54751,1
1.05763,-0.911207,1
-0.31132,-0.623694,1
-2.15929,-0.866844,1
-1.33632,-0.887014,1
0.968297,-0.418549,1
0.352183,0.0384999,1
1.5026,0.444831,1
-0.399091,-1.75349,1
-0.589604,-1.35696,1
0.898253,0.473802,1
-1.01601,-1.55385,1
-1.84616,0.054565,1
1.73275,-1.4473,1
-0.528936,1.01534,1
-0.319844,-0.247255,1
1.1825,-0.62448,1
-0.963417,-0.60927,1
-0.630211,1.24402,1
-0.628419,-1.35527,1
-1.26898,1.39111,1
-0.730352,-1.26682,1
-1.83175,1.517,1
-0.564054,-0.0791184,1
-0.31041,-0.574408,1
-0.341531,0.339577,1
-0.494775,-0.0372819,1
-0.692007,0.521448,1
-1.38569,1.23293,1
0.263711,-0.646144,1
0.525149,-1.05095,1
-1.24139,1.02351,1
0.733704,-1.7708,1
1.46542,-1.11036,1
0.579668,1.79525,1
1.27102,-1.80969,1
-0.634702,-0.609132,1
-0.605575,-0.361314,1
0.516728,-1.02932,1
-1.97586,0.257516,1
1.14782,-0.288561,1
-1.15643,0.585166,1
-1.08497,1.33507,1
-2.20714,-1.24357,1
0.288893,-0.844382,1
-0.77201,-1.19465,1
-1.11713,0.915472,1
1.81003,0.0201641,1
-0.253901,0.030283,1
-0.97016,1.38892,1
-1.09706,1.88358,1
1.18105,0.858575,1
0.558968,-0.187347,1
0.474245,1.24298,1
-1.38704,-1.4122,1
-0.55052,1.65796,1
1.89074,-0.439207,1
0.606336,0.184167,1
1.35852,-1.24424,1
1.19859,2.22176,1
-1.21197,0.81729,1
1.43608,-0.345423,1
0.200946,0.748549,1
-0.511472,1.77054,1
-0.891245,0.134837,1
0.83064,-1.11819,1
1.20972,0.126251,1
1.32477,0.885706,1
1.46848,0.0961176,1
-2.29103,-1.24349,1
-0.370864,1.75392,1
0.663183,-1.52139,1
0.235656,-0.0736355,1
-0.0574844,1.62898,1
-0.775622,0.923823,1
1.80656,-1.62028,1
1.46291,-0.963442,1
1.5805,-1.6854,1
0.531339,-0.511736,1
0.990196,0.776812,1
1.57132,2.11576,1
-0.708296,0.654731,1
-1.1593,-1.7312,1
-1.19416,1.61317,1
0.0525973,0.773573,1
-1.52837,0.440834,1
0.64647,0.0720477,1
-1.18763,1.22944,1
0.60312,-0.182405,1
-0.302896,-1.37886,1
1.78063,-0.68626,1
2.29115,-0.797249,1
-0.300398,1.47704,1
1.46332,-1.14749,1
-0.122297,-0.137304,1
-0.393365,1.47014,1
-0.988328,-1.09415,1
-0.404228,-1.02641,1
-1.52024,-1.14197,1
-0.420719,-0.624132,1
1.42621,-1.16758,1
-1.39596,0.772396,1
-0.561548,0.24933,1
0.870868,0.0639646,1
-1.33055,1.67661,1
-1.28687,-0.459372,1
-0.135699,0.0571993,1
1.68545,-0.424937,1
0.649681,0.785724,1
-0.724387,1.39879,1
-1.54663,1.43187,1
-1.20752,0.921412,1
-0.979777,1.22758,1
1.14753,-1.60828,1
-0.829355,-0.515068,1
1.29249,-0.114677,1
-2.21548,0.0743241,1
0.648868,0.225361,1
1.2966,0.310237,1
1.41201,-0.383575,1
-0.644057,-0.882065,1
0.342933,-1.44857,1
-0.968298,0.941372,1
1.01984,2.61862,1
-1.4406,0.771567,1
-0.2044,-1.21726,1
0.758991,2.8511,1
-1.6314,-1.13187,1
-0.366624,1.42483,1
-1.10336,2.36369,1
-0.172287,-1.59777,1
-1.12271,1.14624,1
0.182694,-1.54388,1
-0.0435009,-2.71692,1
0.288937,1.55293,1
0.939311,1.1573,1
-0.802053,0.574947,1
0.267997,-1.52964,1
1.09825,-1.07773,1
-0.611279,0.729199,1
0.542136,-1.09997,1
-0.318973,1.78182,1
0.353452,-0.622045,1
0.797086,0.526871,1
0.0811959,-1.72262,1
1.58325,-0.200329,1
1.09354,1.7394,1
1.81105,2.03822,1
1.41363,0.84537,1
-1.09076,0.902045,1
-1.45392,-1.27834,1
-1.27242,-1.98733,1
0.623839,-2.93336,1
-1.76782,0.097756,1
1.70254,-0.997494,1
-0.314378,-0.672185,1
0.674025,-1.91698,1
-1.16386,-1.14519,1
-1.81116,-1.56216,1
-1.64762,-0.832688,1
0.965498,-1.94796,1
1.76222,-1.25515,1
-1.22404,1.27267,1
1.3963,-1.50532,1
-1.02388,-1.56624,1
-2.02088,-1.79988,1
1.57603,-1.20088,1
1.07875,0.406139,1
-0.667292,2.40046,1
1.033,1.14896,1
0.930021,1.36198,1
-1.07,-0.991553,1
0.156903,-1.55393,1
-0.986699,-0.127694,1
-0.556297,-0.606235,1
0.0047822,-1.85108,1
-0.96061,-0.206833,1
-0.796908,0.211811,1
1.28651,-1.07603,1
-1.23874,1.47195,1
1.56087,1.21319,1
0.146812,-0.904973,1
-0.397183,-1.49268,1
-0.694036,-1.47701,1
0.349932,-0.78877,1
0.532709,1.08088,1
-1.3076,-0.743059,1
-1.07086,-1.32075,1
0.457697,0.614565,1
-1.11304,-1.93704,1
-0.0190184,1.13573,1
1.52663,1.06186,1
-1.57526,-2.94265,1
-1.05057,0.510332,1
0.396531,0.47288,1
1.17096,0.613427,1
-1.05119,1.42278,1
-0.247946,1.35264,1
1.32983,-0.0895142,1
-1.83567,1.20537,1
0.425402,-0.88785,1
-0.922236,-1.59681,1
0.745417,-1.39405,1
0.0513335,0.658721,1
-0.826321,-1.35671,1
-1.1128,-1.11693,1
1.54112,-0.770827,1
1.6554,-1.13655,1
1.05203,-0.735883,1
0.767837,-1.67421,1
1.76066,0.422497,1
1.36521,0.938936,1
-1.74416,2.64171,1
-0.687927,-1.67777,1
1.28595,2.13639,1
-1.90346,0.778714,1
1.5008,1.15168,1
0.11201,1.55893,1
-1.53048,-0.231567,1
-1.10134,-0.860195,1
-1.50502,-1.55116,1
-1.17183,0.834603,1
1.21229,1.15511,1
0.12485,-0.660271,1
-1.11178,-1.26204,1
-1.11356,-0.0675112,1
0.98063,0.151129,1
1.42679,0.670984,1
0.041549,0.482913,1
-0.833041,0.531142,1
0.261286,-0.782921,1
-0.540251,1.2701,1
0.963312,0.787844,1
-0.812113,1.57682,1
-0.561645,1.21383,1
-2.04834,-0.358152,1
-0.166537,1.26819,1
0.851462,0.258204,1
-2.58041,-1.22439,1
-1.14724,-0.703172,1
0.273164,-1.07253,1
-1.14696,1.17874,1
-0.698718,0.0719068,1
-1.66686,1.13203,1
0.698314,0.651435,1
-2.17808,-0.352676,1
1.42699,1.94601,1
1.3903,-0.641183,1
-1.21979,0.772028,1
0.36873,1.56849,1
1.87278,-0.715636,1
-0.148405,1.29696,1
-1.10928,0.108327,1
1.50736,0.466685,1
1.98678,-1.7038,1
1.33065,-1.19964,1
-2.15367,-0.0556381,1
0.433156,1.06273,1
0.940085,-1.33653,1
-0.0746169,0.0886355,1
0.346086,0.479265,1
-0.100421,-0.432061,1
1.11762,0.327806,1
0.84284,-0.173199,1
-1.66033,0.659018,1
-1.43777,-0.693085,1
0.122834,-0.135689,1
-0.441012,0.314894,1
0.487352,1.42446,1
1.70347,0.562293,1
-0.926512,-0.280901,1
0.945201,0.10456,1
1.55443,1.4045,1
2.26042,-0.752669,1
-0.472266,0.664949,1
-1.73143,-1.38721,1
-1.12113,-1.14638,1
-1.60291,-0.514364,1
-0.822352,-0.267427,1
0.163182,1.21349,1
-1.1407,1.12463,1
0.388512,-0.932641,1
0.453558,0.196712,1
-0.29268,-2.05239,1
-1.83635,0.32081,1
-2.48583,-1.91611,1
-1.11556,0.0651982,1
-1.13064,-2.08488,1
0.417986,1.47492,1
0.707421,1.60284,1
2.92954,0.615364,1
-1.42797,-0.797211,1
-1.66631,-0.491556,1
-2.59885,0.789281,1
-1.0716,0.761086,1
-1.6425,0.720386,1
-1.61022,-0.285775,1
-0.885768,-1.26154,1
-0.83327,0.933901,1
-1.78921,0.858648,1
-1.46055,1.06073,1
1.60621,0.122348,1
0.846788,-1.57023,1
0.330457,0.212472,1
0.586099,0.439506,1
-1.69178,1.00271,1
1.66142,-0.721061,1
-1.3749,1.04583,1
-1.48862,-0.096471,1
-1.66273,0.814781,1
-0.784253,0.555817,1
-1.77489,-1.28238,1
0.70338,0.505645,1
0.719455,-0.804762,1
-0.227692,1.44283,1
2.60397,1.22828,1
0.839073,0.663593,1
0.639684,-0.547237,1
1.50549,-1.05813,1
-1.98384,-2.5013,1
1.30522,-0.359961,1
-1.64812,0.792937,1
1.43872,-1.37196,1
-1.07869,1.60208,1
1.34848,1.2694,1
-1.58162,0.185155,1
2.11335,0.416429,1
0.182322,-2.64398,1
1.31692,-1.35487,1
-1.85387,1.81755,1
0.26107,0.494192,1
1.356,1.89294,1
-1.62791,1.61405,1
1.00426,0.472235,1
-1.36273,1.33995,1
-1.57494,-0.284666,1
-1.29557,-1.80319,1
-0.965597,-1.36381,1
-0.577516,0.68101,1
0.465414,1.41013,1
-0.806168,0.284928,1
-0.893735,1.83518,1
-1.20565,0.263552,1
0.287719,1.75346,1
0.672674,-2.75672,1
-0.607457,1.86386,1
-1.42328,0.838402,1
-0.940778,1.85661,1
0.248981,-0.246562,1
1.76256,-0.566009,1
-1.76304,1.47728,1
-1.41934,0.549866,1
-1.64617,1.73422,1
0.20655,-1.14396,1
1.79478,2.00786,1
-1.20532,0.461294,1
1.51013,0.681296,1
2.11906,1.14532,1
1.47224,1.71115,1
-2.35047,1.64424,1
-1.95931,0.171529,1
-0.614381,1.89566,1
-0.579871,0.472074,1
-0.887622,0.914352,1
1.07422,2.3704,1
0.638478,-1.18072,1
1.85699,-0.518527,1
-0.715235,0.62873,1
0.502091,0.736816,1
-2.2287,-2.06105,1
2.2298,-1.8128,1
2.60894,-0.765154,1
1.99886,0.233077,1
-0.448853,1.82853,1
-0.0202854,0.567847,1
0.76093,1.33685,1
0.99347,0.506822,1
0.147316,1.83062,1
1.82193,1.33967,1
0.0597693,1.91029,1
0.545798,-1.29284,1
-1.56325,-1.81974,1
1.51712,1.38884,1
-0.835065,-1.1366,1
0.258616,1.51523,1
-1.05868,1.38287,1
1.07297,0.617024,1
-1.11924,0.632432,1
1.2565,-1.08043,1
-1.93832,-1.71873,1
0.166382,-1.78527,1
-0.724897,0.712915,1
-0.729332,-1.40326,1
0.786599,1.22624,1
1.90229,-0.168744,1
1.72579,2.98796,1
-0.170613,0.960986,1
-1.53303,1.40148,1
-1.58358,1.01373,1
-1.43828,0.605285,1
0.59674,2.39648,1
1.63989,-0.185288,1
-1.04264,1.66502,1
-0.420247,1.71319,1
-1.17862,-0.29365,1
-0.954034,0.770084,1
-0.845726,0.533431,1
-0.481,1.23586,1
-0.405752,-1.36842,1
-1.62732,-1.68887,1
1.06944,-1.32973,1
0.441527,1.11105,1
-1.12949,-1.96399,1
-1.40427,-2.17798,1
-0.612331,2.13411,1
-0.848785,-1.92678,1
-1.67746,1.38932,1
-1.06822,1.37433,1
-0.547374,-1.77368,1
-1.44305,-0.0598873,1
1.58126,1.37135,1
-0.766697,-1.16306,1
0.535971,1.2727,1
0.203569,0.638927,1
0.932257,0.88313,1
-0.0875127,-0.984472,1
-0.965914,-0.826486,1
-1.76487,-0.86917,1
0.823025,1.33276,1
-0.320977,1.04769,1
-1.43277,-0.882804,1
-2.76995,0.732169,1
0.710723,-1.05503,1
-1.33881,1.34526,1
-1.09401,-0.192065,1
-1.83645,2.32151,1
-1.17437,-2.36218,1
-1.15696,0.726174,1
1.51533,-1.65001,1
1.29267,-1.10519,1
1.06531,2.24051,1
-1.21787,2.00212,1
0.195546,-0.115676,1
-2.58271,2.19698,1
-0.226542,1.17864,1
2.4845,-0.833742,1
-1.84991,1.21394,1
0.76312,0.0976843,1
-0.96727,-0.1111,1
-2.29131,1.82379,1
0.716628,0.579612,1
0.675256,-0.799835,1
0.573581,-0.721018,1
-0.889303,1.91162,1
-0.596894,-2.46289,1
-1.27416,1.50999,1
-1.75636,0.875386,1
1.04426,-1.90689,1
-0.626471,-0.194197,1
-1.02422,-1.05482,1
-0.447686,1.08915,1
-0.651484,-0.442592,1
2.3944,-1.46782,1
0.859472,2.82519,1
2.40792,0.548988,1
2.105,-1.53715,1
1.48262,1.0254,1
-1.29294,0.695332,1
1.15072,0.510842,1
-0.0728311,2.63356,1
-1.32512,-1.16641,1
0.454044,0.165963,1
-0.777151,-1.12811,1
-0.164716,1.09648,1
1.91802,0.482872,1
-1.21094,0.79992,1
0.298974,-1.67232,1
2.10568,1.11357,1
0.9103,-0.194447,1
-1.89078,0.313317,1
-0.803885,-1.07078,1
0.269543,0.563933,1
0.71237,-0.456063,1
0.381931,-0.832153,1
-0.248209,1.5102,1
1.07421,-0.711349,1
-1.44186,-1.85215,1
-0.528777,-0.120549,1
-2.27413,-0.281975,1
-0.714015,1.61339,1
1.30667,-2.1851,1
0.557581,0.497991,1
-0.751919,-1.09413,1
1.20927,0.837847,1
1.93397,2.08879,1
-1.68165,0.0914444,1
0.572481,-1.99179,1
1.29496,-1.97137,1
0.559372,1.18938,1
-1.30349,0.694218,1
0.875334,0.853506,1
2.05885,-2.03425,1
1.63317,0.601172,1
-0.640743,-0.904711,1
0.699271,0.622112,1
-1.03533,-0.917278,1
1.0602,-0.784176,1
1.40745,-0.183431,1
-1.22859,1.47536,1
0.962038,1.77774,1
-0.489123,-0.652219,1
1.17016,0.351996,1
-1.08469,1.13662,1
0.614563,0.653638,1
1.54273,0.0562135,1
1.35531,-0.916494,1
0.498499,-1.88936,1
0.799117,-0.915288,1
-2.69662,-1.26197,1
1.76787,0.790733,1
1.31847,1.14366,1
0.827906,0.356527,1
0.832035,1.37969,1
1.09567,0.562363,1
1.70475,1.24704,1
1.9577,-0.762204,1
0.34757,-1.04584,1
-1.86682,-0.270053,1
-1.2745,0.0796766,1
-0.0665412,-1.10225,1
0.565807,-0.79116,1
-0.641851,1.44828,1
-1.15306,-0.732161,1
-1.23819,-0.815854,1
-0.216399,1.71409,1
-1.09192,0.896574,1
-2.18915,0.208174,1
0.431109,-1.26783,1
-1.20319,0.261477,1
-0.543122,1.08893,1
-0.190514,1.73371,1
0.222611,0.283343,1
0.149671,-1.29724,1
0.992439,1.10231,1
-1.12619,0.963767,1
-1.47727,-0.813836,1
-0.74269,-0.939546,1
-1.87353,-2.13316,1
-1.15933,-1.41652,1
1.55963,1.12815,1
-1.21772,-1.21861,1
1.2265,-0.386511,1
0.0567761,0.179658,1
0.531984,-1.77786,1
-0.896582,-1.50218,1
-1.26302,-1.63024,1
-0.0202983,-1.76618,1
0.99646,1.30124,1
1.23929,-0.167812,1
-1.09974,-1.03936,1
0.477999,-0.941525,1
-1.43993,1.79389,1
0.512625,-1.53973,1
0.789765,-1.43581,1
-1.65025,0.7599,1
0.618108,2.01666,1
-1.10279,-0.185679,1
0.641921,1.2566,1
-1.94675,-0.972757,1
1.2697,0.450344,1
0.417887,0.521599,1
-0.891733,-1.60389,1
-0.268468,0.650642,1
0.748134,-0.018225,1
-1.37016,1.22053,1
-0.676365,1.30695,1
-0.415956,-1.64567,1
0.142495,-0.625732,1
-0.806447,1.20394,1
0.169863,-1.3343,1
0.810925,1.79996,1
-0.124393,-0.119371,1
0.661383,0.309667,1
1.51452,-0.844155,1
-1.88862,-0.672317,1
-1.5427,-1.94077,1
-0.282872,0.74698,1
1.12886,-1.1725,1
0.532585,1.43342,1
-1.75798,0.623812,1
-0.897245,-2.27284,1
-0.455082,-0.76625,1
-1.75807,0.357058,1
0.659621,-1.02329,1
-2.07425,0.0385891,1
-1.46455,0.790855,1
1.60077,0.59633,1
2.04809,1.38068,1
-1.22414,-0.912763,1
1.50983,0.314653,1
1.66022,2.29813,1
1.2347,-1.08933,1
0.296307,1.19996,1
-1.94102,-1.85301,1
0.505169,-0.264695,1
-1.2848,0.293923,1
-0.857822,-2.29425,1
-2.1503,-1.17287,1
-0.0261028,-2.30136,1
-0.863381,1.48904,1
1.31378,-1.0775,1
-0.819021,-0.70129,1
1.34746,2.46757,1
-1.43123,0.515915,1
-0.546035,-1.88239,1
1.37816,-1.07195,1
-1.71894,-1.83396,1
0.504212,-1.8431,1
0.695392,-2.66816,1
0.739791,2.58447,1
0.672993,1.22636,1
-1.13661,0.245762,1
-1.63844,-1.70684,1
-1.87688,1.92267,1
-1.21652,1.75351,1
0.894729,1.68839,1
-1.34011,1.7085,1
-1.22724,-1.68566,1
0.505196,0.940207,1
0.929142,-1.32016,1
0.0694647,-1.87079,1
1.11611,1.08795,1
2.43692,1.01935,1
0.813611,0.00294408,1
-1.4554,-1.20945,1
0.408232,-1.97659,1
1.70272,-0.669137,1
-0.450303,2.10842,1
-1.51448,-0.591809,1
-0.933982,-1.12311,1
-0.0047768,-1.64116,1
2.10505,0.800393,1
-0.499376,2.31983,1
1.22753,1.86315,1
0.217716,-0.793059,1
0.740561,-0.894564,1
-1.23783,1.39703,1
0.386016,0.421978,1
-0.796163,-1.1249,1
0.0591217,-1.01166,1
-2.51668,1.39259,1
0.0338354,1.36438,1
-0.978533,1.14582,1
-0.691493,1.34241,1
-0.617096,-1.23382,1
-1.54806,0.485329,1
-1.0505,-0.0936127,1
0.740905,1.19292,1
-0.0537263,1.37144,1
0.397215,-2.03282,1
-1.12694,-1.53958,1
-2.47987,-1.212,1
0.378964,2.11621,1
-0.907959,-1.59955,1
-0.150725,-2.09534,1
-1.20242,-0.7169,1
-1.44692,-0.781901,1
0.771907,-1.58597,1
-0.830861,0.822483,1
0.497337,-0.273621,1
0.495303,1.59121,1
2.39539,-1.00495,1
1.92341,1.423,1
0.108919,-1.09367,1
-1.2599,0.179111,1
-1.17104,-1.81983,1
1.5118,-1.74433,1
-0.269883,-1.44603,1
-0.128305,1.62302,1
-0.377122,-1.51322,1
0.232282,0.967051,1
1.35144,0.687527,1
-2.13118,0.917175,1
1.7364,-1.82396,1
-1.47921,0.703526,1
1.37788,-1.42054,1
-1.9088,-3.06446,1
1.34425,0.832365,1
-1.13274,-0.611385,1
0.44326,-0.409838,1
-1.90382,-2.46128,1
0.220008,-1.3845,1
-1.73275,2.14949,1
0.910191,-1.24781,1
2.48666,0.301678,1
-0.731665,0.456586,1
0.919514,1.41187,1
-0.62782,-1.38074,1
-0.562338,-0.607141,1
-0.325792,-1.22232,1
0.478003,1.07598,1
2.89993,0.5906,1
1.23903,1.304,1
0.549481,0.59274,1
-0.14378,-0.924506,1
2.33461,-1.96309,1
-1.31009,1.3983,1
-1.49866,-0.824692,1
0.736669,-0.608303,1
-0.880697,-0.835625,1
1.33919,0.719702,1
-0.477491,-2.24603,1
1.02397,-1.03574,1
0.333011,2.98834,1
-0.300465,0.823953,1
-0.167888,-2.04134,1
-1.3057,-0.171789,1
0.0709873,2.45826,1
1.88517,-2.24881,1
-1.18494,-0.840038,1
-0.732801,-0.777804,1
1.26369,-1.63093,1
2.61923,-0.101285,1
0.992416,-0.942707,1
-0.930322,1.22133,1
-1.61281,1.61855,1
1.16672,1.11996,1
-1.62325,1.34928,1
-1.84838,-1.19422,1
-0.481789,0.120103,1
0.60557,-1.25489,1
1.04081,-1.0205,1
0.927698,-0.42889,1
-0.941412,-1.09692,1
-0.533752,-0.961791,1
-0.229612,-0.552187,1
1.25632,-0.824779,1
2.42451,0.682335,1
0.835818,-0.539743,1
0.366936,2.63513,1
-1.15798,0.150759,1
0.948191,-0.741498,1
1.83409,1.18208,1
-2.3197,0.596456,1
-1.65429,-2.17231,1
0.547773,0.361987,1
-1.25069,-0.73611,1
-1.15729,-1.86631,1
1.6261,1.15298,1
-2.22273,0.835363,1
-0.631229,0.930519,1
-0.740958,1.38566,1
1.09093,-1.21923,1
0.785667,-1.23826,1
-0.808967,-0.777593,1
2.24961,-0.290852,1
0.410442,-1.07942,1
0.0286574,-1.15441,1
0.211472,1.65391,1
0.809271,1.11281,1
1.36754,-0.789355,1
0.52472,0.533533,1
2.12338,1.77994,1
0.60426,-1.07286,1
-2.24365,0.381148,1
-0.933943,-0.363233,1
1.31204,-0.212454,1
1.37648,-0.425585,1
0.115427,-0.851759,1
-1.49719,0.718542,1
-0.599799,-0.0730729,1
1.07225,-1.4741,1
2.17153,0.899953,1
0.949304,-0.651247,1
-2.25537,0.0680204,1
-0.0601658,0.695509,1
0.468439,-0.853457,1
-0.550563,0.579819,1
-0.290604,-0.624354,1
-0.366909,1.20933,1
-1.2781,-1.00237,1
-0.828179,0.411812,1
-1.05958,-1.34938,1
0.00289158,-0.650582,1
0.470575,1.22033,1
0.621469,-1.25454,1
-0.048459,-0.75225,1
0.778525,-2.35362,1
-1.60311,-1.67946,1
0.492921,-1.70511,1
0.956918,-0.673273,1
1.02484,-0.179841,1
0.970941,-0.309024,1
-0.545865,-1.66576,1
-0.288752,0.0780199,1
-0.384231,1.54373,1
1.72883,-0.572168,1
1.03422,-1.45856,1
1.33578,-1.24819,1
-2.42133,-0.436195,1
-0.137901,-1.08734,1
0.11861,1.09046,1
1.24301,1.46518,1
0.875539,-0.497922,1
1.80024,-0.911228,1
1.25306,-0.514818,1
-2.45379,1.79391,1
-0.33934,-1.86945,1
-0.0369285,-1.31692,1
0.466774,-0.687545,1
-1.73238,2.09004,1
1.12355,-0.094026,1
0.631486,1.45038,1
-0.532677,0.552151,1
-0.246395,-0.696553,1
-1.14591,0.292111,1
0.164645,0.611165,1
1.74949,-1.53988,1
-0.916365,-0.71745,1
1.7747,-1.37199,1
1.38295,-0.388866,1
0.249367,-0.872241,1
1.40189,0.878451,1
-0.313616,-1.36512,1
1.56233,1.70574,1
2.68593,0.962613,1
-0.0991761,0.128037,1
-1.3382,1.06721,1
-0.0846796,-0.542084,1
1.19126,-1.81845,1
0.693192,0.582187,1
2.59559,1.06386,1
0.132172,1.2565,1
0.887934,-0.252798,1
1.93605,0.546278,1
-0.642552,-0.921007,1
-0.908433,1.18951,1
-0.787464,1.18163,1
0.0473452,0.0136652,1
-0.291382,-1.57497,1
-0.235769,1.24109,1
-1.45173,-1.89348,1
-0.264808,-1.11774,1
-0.754251,0.74308,1
-0.54975,0.521427,1
-3.18085,0.433067,1
0.551243,-1.24975,1
0.0628413,1.30703,1
0.482482,1.11255,1
0.813263,2.13263,1
1.77262,-1.32303,1
0.361635,-0.661024,1
1.29941,-0.359919,1
2.65434,-1.65147,1
1.62388,1.98717,1
-0.782514,1.50347,1
-2.24257,1.34389,1
0.25553,0.541851,1
1.76674,0.68788,1
-1.27104,2.19101,1
-0.777237,-0.42573,1
-1.56676,0.397859,1
0.765903,-0.121158,1
-2.34032,-0.566141,1
-0.672693,2.23944,1
3.04378,-2.48094,1
1.52845,-1.20077,1
2.2267,1.65681,1
0.241675,1.6169,1
1.13275,-1.80266,1
1.03081,0.498339,1
1.40782,1.31034,1
-0.912266,0.0197856,1
-2.34318,0.846889,1
-0.380051,1.4675,1
-0.658684,1.68989,1
1.67875,-1.16821,1
1.64029,-1.29289,1
1.04094,-1.69572,1
-0.186807,2.18047,1
1.53301,-0.941381,1
-0.344122,0.63089,1
0.9109,-0.874868,1
-0.299701,-0.2168,1
0.766956,1.29863,1
1.59514,1.74483,1
0.369191,-0.713946,1
0.3035,0.579188,1
-0.631199,-0.923386,1
-0.488645,0.269124,1
1.13992,-0.872841,1
-0.434297,2.05312,1
-0.57151,0.773986,1
-1.53929,-1.94359,1
0.292602,-1.35264,1
-0.95976,-1.01942,1
-0.368823,-0.644535,1
-0.912812,0.553164,1
-1.23498,-0.755053,1
-1.59352,0.630841,1
-1.13681,-0.867095,1
1.15371,0.812376,1
-1.08972,-1.29222,1
1.64151,1.02607,1
0.675019,-1.03244,1
-0.357019,1.31633,1
-0.0109738,-0.0503782,1
0.319149,1.49913,1
0.0770385,0.725946,1
-2.61197,-1.41368,1
1.00954,-1.73943,1
-0.34051,0.371535,1
-0.829451,0.0756648,1
1.53186,0.938235,1
-0.671212,-1.72203,1
-0.607097,1.44532,1
-1.7015,-0.0168885,1
0.643541,0.92584,1
0.362597,2.18164,1
0.733083,-2.16693,1
-1.1779,0.503047,1
-0.405877,-1.57115,1
1.16211,-0.0434656,1
-0.65522,1.5087,1
-1.82988,0.919295,1
0.428335,-2.47428,1
0.558887,-1.00956,1
-0.427031,-0.331694,1
1.0603,-1.0414,1
0.757703,-0.80736,1
-0.133862,-0.948159,1
0.0188806,-0.42728,1
1.9277,0.0244004,1
1.13703,-0.819669,1
0.457554,0.138754,1
0.775528,-0.882847,1
1.04601,2.00885,1
-2.20598,-0.971081,1
-1.06722,-1.32866,1
0.644042,0.413536,1
-2.62985,-0.201487,1
2.04546,-1.59422,1
-0.681584,1.86037,1
-0.803653,1.39963,1
-0.691017,0.073213,1
-1.56432,0.375011,1
-1.54947,1.10085,1
-0.584756,1.63235,1
0.930456,-0.160908,1
-0.854083,-1.75587,1
-1.89606,0.834545,1
0.733122,-0.718575,1
0.0198857,0.760784,1
0.775749,0.827317,1
-0.50034,0.748167,1
2.15786,0.00513471,1
-1.6567,-0.969376,1
1.92034,-1.08244,1
-0.464947,1.27091,1
-1.79934,1.11722,1
0.0932991,-1.04056,1
-1.13144,-1.44473,1
1.66648,1.87548,1
-1.42475,-0.533132,1
-0.0175335,1.68404,1
0.812621,1.31661,1
-0.926823,-0.928596,1
-0.138562,0.051541,1
0.485299,1.64089,1
2.52519,0.518872,1
1.69011,-0.694758,1
-0.642007,1.69434,1
1.0052,0.215783,1
-0.999045,0.927198,1
-0.991619,1.06699,1
1.17575,-1.48866,1
-0.0879033,-1.76431,1
2.09425,0.785153,1
0.625606,1.98336,1
-0.693588,0.429298,1
-0.995894,0.976137,1
1.12887,0.0548871,1
1.5445,1.18545,1
-1.75975,0.937426,1
-0.546367,2.47536,1
-1.24578,0.390264,1
-1.11082,0.664266,1
-0.0671853,-0.658918,1
-0.720903,0.161752,1
0.738424,0.360262,1
-0.31684,0.358884,1
1.31606,0.45165,1
-0.816314,-2.87571,1
-0.129065,-0.790003,1
-1.0252,-0.396936,1
-1.50855,0.503108,1
1.52742,0.650532,1
-0.824927,1.11361,1
0.446934,-1.95083,1
-0.895891,-2.00094,1
0.517121,0.935839,1
0.444655,1.3231,1
0.806881,-2.53703,1
0.274573,0.67067,1
-1.95469,1.78931,1
1.75811,0.47926,1
-1.23361,-0.552252,1
-1.04445,-0.514634,1
-0.810847,-0.756339,1
0.887746,1.08107,1
-0.902194,-1.76484,1
-2.53051,-1.5335,1
-1.57028,-2.04038,1
-1.71682,0.489574,1
0.72453,1.44698,1
1.63514,0.281019,1
-1.50676,-0.824903,1
0.509175,0.388857,1
1.2677,0.0869334,1
1.03437,-0.949503,1
0.840854,1.54007,1
0.0133816,-1.05528,1
-0.907622,1.06015,1
-1.90673,-0.673365,1
1.66342,-1.25344,1
-1.41037,-1.15479,1
0.797325,0.60092,1
0.851178,-1.30202,1
1.09798,-1.13026,1
2.69426,-0.0980998,1
1.54698,-0.698184,1
1.18364,-0.694887,1
1.10017,1.22165,1
0.50733,0.747403,1
2.29024,-2.15023,1
1.55845,-0.7919,1
0.363867,0.838342,1
1.82595,-0.0613097,1
1.18761,-0.495106,1
-0.975916,0.982842,1
1.17727,1.80129,1
1.12262,-0.663276,1
0.0109087,1.82545,1
1.85728,1.10257,1
-2.07141,2.27802,1
-2.1809,2.67641,1
-2.32728,-1.65204,1
-0.512627,1.07049,1
1.66012,-0.779089,1
1.23549,1.22436,1
1.00794,0.587147,1
-0.306786,0.739169,1
1.40232,-2.03394,1
-1.82858,0.96633,1
-1.44681,0.834643,1
1.03371,-0.975437,1
0.801179,-0.106434,1
1.43679,-0.476872,1
0.216717,-0.0934277,1
-0.0294017,-0.952477,1
-1.33957,-1.543,1
-0.881459,1.97764,1
-0.607424,-0.862151,1
-1.49315,1.1782,1
-0.494242,-0.075322,1
1.51817,0.172036,1
0.00081423,-1.91951,1
1.03752,-0.364836,1
0.957088,-2.145,1
1.09764,-1.06538,1
1.53225,-0.504674,1
0.549425,0.894178,1
-0.406155,0.010453,1
2.01381,-0.701789,1
0.642604,-1.90117,1
1.31344,0.41129,1
0.314663,-0.901529,1
-0.878656,-2.06616,1
1.69188,-0.471321,1
2.59358,0.0206285,1
0.0686446,-1.11729,1
2.03267,-0.388733,1
-0.41142,0.246181,1
-0.343927,1.2333,1
0.614059,0.358026,1
-0.677412,-0.358206,1
0.732917,0.38177,1
-1.08991,-0.369731,1
0.977975,0.367297,1
0.66865,-0.572106,1
2.16997,1.77212,1
-1.24915,-1.60362,1
-0.141487,-0.976154,1
-0.352603,-1.02963,1
1.48976,1.43499,1
2.671,-1.23278,1
0.79553,-2.31172,1
-0.510451,-2.11063,1
0.288608,0.384097,1
0.789147,-0.316745,1
-0.370043,0.762316,1
2.02511,-1.11206,1
-0.864826,-0.725332,1
-0.566252,-1.02125,1
-2.58335,0.095563,1
-1.9664,0.535517,1
0.950889,-1.61973,1
1.9152,-2.19965,1
-1.15001,1.40388,1
-1.5032,1.33241,1
0.106092,2.13133,1
-1.51566,-0.606732,1
-0.41221,-0.213593,1
0.295657,-0.892948,1
-1.17951,0.103544,1
-0.80973,1.00416,1
-0.623871,-1.11853,1
-0.920018,0.0152796,1
-1.41096,1.62298,1
0.146576,-0.728962,1
0.452025,-0.429781,1
-0.0358515,1.46851,1
1.52516,0.646049,1
2.97964,2.34365,1
-1.07077,-0.98289,1
1.16981,0.279533,1
1.99749,0.332711,1
0.42474,-1.42817,1
0.118345,-0.0565481,1
-1.02571,0.797614,1
0.960615,0.755087,1
1.65668,-0.68349,1
-0.201836,-0.222955,1
-0.167058,1.72721,1
-0.448888,-0.1293,1
1.24838,0.612671,1
-1.31428,-1.06634,1
0.349566,-1.02965,1
0.857784,0.630992,1
-0.110877,-0.961474,1
-1.58386,1.05288,1
-0.0450052,1.95613,1
-0.464798,1.70967,1
-1.08868,0.606867,1
-0.105298,0.918541,1
0.828786,1.8022,1
-0.440196,0.622713,1
-2.42162,2.11559,1
2.46713,1.47667,1
1.35992,-1.6624,1
-0.635995,1.04298,1
1.09186,-1.91875,1
-0.926211,-1.8511,1
-2.02246,0.606239,1
1.10511,-0.879997,1
-0.254925,1.39229,1
-1.03997,0.488801,1
-0.768204,0.202181,1
1.69833,1.47042,1
-2.10833,-0.885366,1
-2.09962,-1.66987,1
-2.79571,1.1288,1
0.419448,-1.89109,1
-1.22758,0.518502,1
-1.65582,-0.413564,1
-0.756366,-0.700318,1
0.986303,-1.01612,1
-1.32585,0.00407208,1
0.951501,1.45353,1
0.3363,2.41955,1
-1.34198,1.7148,1
-1.2619,-1.32305,1
0.99265,-0.857437,1
-1.72382,1.49945,1
1.01433,-0.106592,1
2.39109,0.757201,1
-2.88676,-0.944659,1
0.0591765,-1.0546,1
0.395453,1.3256,1
-0.622484,-0.694386,1
-1.63687,0.904473,1
-1.36607,0.982874,1
-1.15193,-0.136295,1
1.90829,0.179083,1
-1.99172,0.255506,1
0.594802,0.576068,1
0.727611,-2.04787,1
-1.06341,2.00108,1
1.10315,1.51435,1
-1.33751,0.796029,1
0.519713,-1.12957,1
0.67507,-1.27492,1
1.61508,-1.09827,1
1.04513,1.57661,1
-0.540942,-1.51992,1
-0.908517,-1.16894,1
-1.87173,-1.84013,1
1.15559,-0.669867,1
-0.425861,-0.807211,1
0.233252,0.96084,1
0.486353,1.03103,1
0.559519,0.602671,1
2.13287,-1.17588,1
-1.27339,-0.353799,1
-1.61213,-1.37307,1
-0.483863,0.340904,1
-0.907568,-0.517695,1
0.301711,0.82007,1
-1.95396,-1.02099,1
1.18491,0.922672,1
1.04895,-0.965794,1
-1.87475,2.69255,1
-0.476499,1.124,1
-1.3414,-2.06396,1
0.180742,-0.616146,1
-0.399805,-0.21756,1
1.53967,-1.61415,1
0.0626551,0.524877,1
0.17274,0.170665,1
-1.5652,-1.80851,1
1.94835,-0.637604,1
1.61527,-0.78638,1
-2.02548,-2.13087,1
-1.07925,-0.247664,1
-0.868115,1.34022,1
0.787209,-1.65348,1
-0.337367,0.152887,1
-0.498014,-2.4358,1
2.13928,1.14481,1
0.339042,1.24017,1
-1.05095,0.553869,1
1.23195,2.18346,1
1.99234,0.803844,1
-1.33736,-0.818419,1
-1.97473,1.25345,1
1.79394,1.14546,1
-0.562311,0.869719,1
-1.40389,1.51187,1
-1.08658,-0.89108,1
-1.09817,-0.653016,1
2.10624,-1.00811,1
-0.360846,-0.908868,1
2.08732,-1.29185,1
-0.085598,1.53397,1
-1.65758,-0.801124,1
-1.2745,-0.403134,1
-1.00256,-1.11002,1
-1.5821,0.651627,1
-1.15334,-1.56712,1
-1.69588,-0.979257,1
1.46693,0.730712,1
2.11509,-1.5516,1
-0.78544,-0.761172,1
1.19446,0.43489,1
1.06812,1.54453,1
-0.346635,-1.20846,1
1.33994,3.11091,1
0.204901,-0.292346,1
-1.81916,1.44608,1
-0.94596,-0.627129,1
2.03621,-1.14594,1
-2.55823,1.17384,1
-2.05573,1.28847,1
-1.16816,1.1212,1
-0.25013,-2.02265,1
-2.92681,1.79092,1
-1.22307,-1.09683,1
1.24756,0.773416,1
0.634918,-1.23244,1
-0.259893,-0.97153,1
-1.42996,-2.48718,1
0.135047,1.20175,1
-0.88351,-1.09288,1
1.37885,-1.08282,1
0.930398,0.205094,1
1.36571,-1.32485,1
-1.1496,-2.00263,1
-0.380161,1.98506,1
0.82808,-2.01569,1
0.418449,0.0968561,1
-0.570212,-0.897823,1
1.03828,2.63805,1
-1.32743,1.61435,1
-1.83826,1.02276,1
-1.58511,0.167629,1
-0.121341,-2.08986,1
2.17721,-1.45776,1
0.0556062,0.984989,1
0.32224,-0.675634,1
-1.41647,0.0137023,1
1.98919,0.224386,1
1.33858,2.07242,1
1.05588,-1.66845,1
-0.751896,-1.28012,1
0.800557,1.30146,1
0.901409,-0.85386,1
0.929462,-1.35248,1
-1.12847,0.594716,1
-1.33002,-1.14924,1
0.0441209,-0.938756,1
-0.911593,-0.741402,1
0.291305,-0.758638,1
-0.479057,0.771887,1
0.293589,0.558455,1
-1.45345,-0.0820922,1
0.456989,0.976057,1
1.34812,-0.562315,1
1.44548,-1.72134,1
0.604334,0.869085,1
0.922128,0.653816,1
0.626075,-0.448335,1
0.209337,0.694869,1
1.1314,2.11628,1
1.05985,-0.479386,1
-0.518485,-0.866811,1
1.31437,-0.612251,1
-0.107772,1.79039,1
-0.412482,-1.5679,1
1.23915,2.0169,1
-1.79972,-1.35558,1
-0.406352,0.13745,1
-0.559626,1.35392,1
1.58724,0.55157,1
-0.81006,-0.392281,1
-0.331867,-0.707795,1
1.45264,1.56826,1
-2.22997,0.783308,1
-1.41274,0.365109,1
0.758758,-0.88182,1
1.59301,-0.954802,1
3.62603,0.351019,1
0.175989,2.09855,1
1.13084,1.47141,1
-0.538022,-0.949825,1
-0.356581,-0.886677,1
-0.967091,0.75543,1
-1.38077,-2.03135,1
-0.298274,-1.43495,1
-1.8249,2.06742,1
0.63024,-0.93954,1
0.998678,1.29086,1
1.74148,0.0174803,1
0.601955,0.904821,1
-1.51245,0.390114,1
-0.707743,1.34024,1
1.06218,1.70424,1
0.356363,0.85007,1
0.425958,1.12668,1
-0.616753,-1.32525,1
0.560071,0.238038,1
-0.0275026,0.0302989,1
1.05375,1.28442,1
-0.240574,-0.90718,1
0.0155467,-1.61486,1
0.437038,0.471778,1
1.45596,1.45333,1
0.575483,0.456191,1
-1.81329,-0.41068,1
1.99471,-0.451421,1
0.258971,0.522109,1
1.14207,0.897317,1
1.19706,-0.145529,1
-1.3171,0.812716,1
0.927447,-1.30023,1
1.41916,-0.991485,1
1.50108,1.03632,1
0.850697,-0.859195,1
-1.2893,-0.195035,1
0.834084,-2.12633,1
1.94665,-0.379734,1
-1.1922,-0.95672,1
-0.756105,-0.826995,1
-0.157382,1.44648,1
1.44565,-1.36804,1
-0.496187,1.51204,1
1.97037,-1.62035,1
2.93897,1.90168,1
0.819923,-0.302894,1
-1.28415,0.514949,1
-1.04931,-1.63171,1
0.785556,0.76508,1
0.630175,2.0159,1
-0.603757,-1.15563,1
-1.96876,-0.606025,1
0.656889,-0.429195,1
0.620551,1.20331,1
-1.66724,-0.691998,1
-0.256835,0.47704,1
-0.324281,0.532069,1
-0.0425919,-2.14261,1
0.179421,-0.56382,1
-0.834543,-0.0451627,1
-0.876359,0.980929,1
0.232387,-2.06115,1
1.05833,0.17774,1
2.35322,-0.37173,1
-0.951627,-1.73339,1
-1.12783,-1.52278,1
0.660784,-1.24036,1
2.06084,0.0199126,1
-0.608777,-1.16858,1
0.990128,-2.46404,1
1.79766,-1.18496,1
1.24312,1.39609,1
-0.69725,0.549188,1
-0.0235942,-1.5566,1
0.187807,-0.696727,1
0.504127,-0.343473,1
-1.55042,-0.217575,1
1.21907,-0.752148,1
-1.66304,0.101416,1
1.64265,-0.865509,1
0.122074,0.237074,1
1.58413,2.41771,1
-0.171052,0.37369,1
-1.12589,-0.556088,1
-0.788581,-2.40697,1
-0.34154,-0.415915,1
-1.40053,0.738995,1
-0.708082,0.128048,1
-1.34653,-1.04468,1
1.29353,-0.692716,1
-0.353961,1.99634,1
0.526851,-0.773022,1
1.68905,0.179198,1
1.27975,2.57526,1
-0.533471,0.357988,1
-0.39971,2.15072,1
-1.22605,-1.39098,1
0.873102,-0.662967,1
0.789143,0.334835,1
0.278625,0.903358,1
-2.45855,0.750125,1
-2.14124,-0.545477,1
1.13434,-0.0261956,1
1.66936,-0.82713,1
-0.231032,0.579766,1
1.92212,-0.240637,1
-0.0948633,0.530022,1
0.129982,0.72046,1
0.398901,0.749772,1
-0.282678,2.20327,1
1.0932,-1.53115,1
1.07367,-1.70829,1
1.15649,0.864314,1
-1.078,0.752994,1
0.519247,-1.47535,1
1.50353,1.43648,1
-1.5617,-0.445923,1
-1.33721,-1.77653,1
-0.546814,-1.27777,1
1.40622,-1.05585,1
-1.87881,1.60411,1
-1.24447,1.23783,1
-1.17666,-1.26914,1
1.24738,2.4511,1
-0.272663,1.69535,1
-1.56073,1.34915,1
-2.03715,-1.33435,1
-1.88447,-0.211199,1
0.831435,-1.89115,1
-1.71608,1.41218,1
-1.15015,0.136897,1
0.913083,-0.669642,1
-0.887753,-1.65575,1
0.0909112,-1.21431,1
0.561718,0.406114,1
-1.5276,-0.932232,1
-1.10638,1.61324,1
-0.324404,-1.54623,1
